Sub Category,Price,Has_Discount,Rating_Score,Num_Reviews,Popular
Bakery & Desserts,56.99,0,4.3,265.0,0
Bakery & Desserts,159.99,0,5.0,1.0,0
Bakery & Desserts,44.99,0,4.1,441.0,0
Bakery & Desserts,39.99,0,4.7,9459.0,1
Bakery & Desserts,59.99,0,4.5,758.0,1
Bakery & Desserts,59.99,0,4.4,369.0,0
Bakery & Desserts,74.99,0,4.7,2241.0,1
Bakery & Desserts,59.99,0,4.4,232.0,0
Bakery & Desserts,29.99,0,4.4,1679.0,0
Bakery & Desserts,159.99,0,5.0,2.0,0
Bakery & Desserts,62.99,0,4.0,357.0,0
Bakery & Desserts,299.99,0,3.0,1.0,0
Bakery & Desserts,54.99,0,4.7,273.0,0
Bakery & Desserts,54.99,0,4.6,369.0,0
Bakery & Desserts,89.99,0,4.6,133.0,0
Bakery & Desserts,59.99,0,4.5,452.0,0
Bakery & Desserts,89.99,0,,,0
Bakery & Desserts,49.99,0,4.2,85.0,0
Bakery & Desserts,159.99,0,1.5,2.0,0
Bakery & Desserts,89.99,0,,,0
Bakery & Desserts,99.99,0,3.6,5.0,0
Bakery & Desserts,89.99,0,3.0,2.0,0
Bakery & Desserts,24.99,0,4.7,687.0,1
Bakery & Desserts,39.99,0,4.3,845.0,0
Bakery & Desserts,72.99,0,4.3,87.0,0
Bakery & Desserts,119.99,0,2.2,4.0,0
Bakery & Desserts,109.99,0,4.2,181.0,0
Bakery & Desserts,99.99,0,4.0,16.0,0
Bakery & Desserts,34.99,0,4.5,702.0,1
Bakery & Desserts,59.99,0,4.2,137.0,0
Bakery & Desserts,89.99,0,3.0,5.0,0
Bakery & Desserts,89.99,0,,,0
Bakery & Desserts,59.99,0,,,0
Beverages & Water,99.99,1,4.5,28.0,0
Beverages & Water,27.99,0,,,0
Beverages & Water,21.99,0,,,0
Beverages & Water,20.99,1,,,0
Beverages & Water,19.99,1,,,0
Beverages & Water,19.99,1,,,0
Beverages & Water,439.99,1,4.3,1957.0,0
Beverages & Water,9.99,0,,,0
Beverages & Water,14.99,0,,,0
Beverages & Water,21.99,0,,,0
Beverages & Water,18.99,0,,,0
Beverages & Water,21.49,0,,,0
Beverages & Water,17.99,0,,,0
Beverages & Water,89.99,1,4.4,40.0,0
Beverages & Water,23.99,0,,,0
Beverages & Water,4.99,0,,,0
Beverages & Water,24.99,0,,,0
Beverages & Water,18.99,0,,,0
Beverages & Water,54.99,0,4.8,33.0,0
Beverages & Water,12.99,0,,,0
Beverages & Water,21.99,0,,,0
Beverages & Water,18.99,0,,,0
Beverages & Water,18.99,0,,,0
Beverages & Water,32.99,0,5.0,1.0,0
Beverages & Water,29.99,0,,,0
Beverages & Water,21.99,0,,,0
Beverages & Water,13.79,0,,,0
Beverages & Water,23.49,0,,,0
Beverages & Water,19.99,0,,,0
Beverages & Water,14.99,0,,,0
Beverages & Water,21.99,0,,,0
Beverages & Water,13.79,0,,,0
Beverages & Water,14.99,0,,,0
Beverages & Water,34.99,0,4.5,1911.0,1
Beverages & Water,39.99,0,4.0,138.0,0
Beverages & Water,19.99,0,,,0
Beverages & Water,22.99,0,,,0
Beverages & Water,49.99,0,4.8,1150.0,1
Beverages & Water,14.99,0,,,0
Beverages & Water,8.99,0,,,0
Beverages & Water,23.99,0,,,0
Beverages & Water,12.99,0,,,0
Beverages & Water,21.99,0,,,0
Beverages & Water,23.99,0,,,0
Beverages & Water,15.99,0,,,0
Beverages & Water,12.99,0,,,0
Beverages & Water,13.79,0,,,0
Beverages & Water,28.99,0,,,0
Beverages & Water,27.99,0,,,0
Beverages & Water,23.99,0,,,0
Beverages & Water,34.99,0,4.7,2340.0,1
Beverages & Water,15.99,0,,,0
Beverages & Water,12.99,0,,,0
Beverages & Water,23.99,0,,,0
Beverages & Water,39.99,1,,,0
Beverages & Water,16.49,0,,,0
Beverages & Water,549.99,0,3.6,15.0,0
Beverages & Water,17.49,1,,,0
Beverages & Water,25.99,0,,,0
Beverages & Water,11.69,0,,,0
Beverages & Water,59.99,0,4.8,312.0,0
Beverages & Water,69.99,0,4.0,777.0,0
Beverages & Water,21.99,0,,,0
Beverages & Water,19.99,0,,,0
Beverages & Water,21.79,0,,,0
Beverages & Water,99.99,0,4.1,753.0,0
Beverages & Water,17.99,0,,,0
Beverages & Water,29.99,0,,,0
Beverages & Water,18.99,0,,,0
Beverages & Water,37.99,0,,,0
Beverages & Water,19.99,0,,,0
Beverages & Water,139.99,0,3.8,49.0,0
Beverages & Water,18.99,0,,,0
Beverages & Water,37.99,0,,,0
Beverages & Water,159.99,0,4.3,210.0,0
Beverages & Water,19.99,0,,,0
Beverages & Water,13.79,0,,,0
Beverages & Water,13.79,0,,,0
Beverages & Water,23.99,0,,,0
Beverages & Water,17.99,0,,,0
Beverages & Water,9.99,0,,,0
Beverages & Water,21.99,0,,,0
Beverages & Water,14.99,0,,,0
Beverages & Water,41.99,0,,,0
Beverages & Water,15.99,0,,,0
Beverages & Water,99.99,0,5.0,6.0,0
Beverages & Water,18.49,0,,,0
Beverages & Water,17.99,0,,,0
Beverages & Water,15.99,0,,,0
Beverages & Water,18.99,0,,,0
Beverages & Water,69.99,0,4.9,62.0,0
Beverages & Water,19.99,0,,,0
Beverages & Water,37.99,0,,,0
Beverages & Water,12.99,0,,,0
Beverages & Water,12.99,0,,,0
Beverages & Water,28.99,0,,,0
Beverages & Water,74.99,0,4.3,354.0,0
Beverages & Water,23.99,0,,,0
Beverages & Water,18.99,0,,,0
Beverages & Water,16.99,0,,,0
Beverages & Water,41.99,0,,,0
Beverages & Water,18.99,0,,,0
Beverages & Water,15.99,0,,,0
Beverages & Water,36.99,0,,,0
Beverages & Water,54.99,0,4.7,6.0,0
Beverages & Water,28.99,0,,,0
Beverages & Water,36.99,0,,,0
Beverages & Water,23.49,0,,,0
Beverages & Water,20.99,0,,,0
Beverages & Water,99.99,0,4.0,35.0,0
Beverages & Water,14.99,0,,,0
Beverages & Water,39.99,0,,,0
Beverages & Water,10.99,0,,,0
Beverages & Water,23.99,0,,,0
Beverages & Water,23.99,0,,,0
Beverages & Water,41.99,0,,,0
Beverages & Water,61.99,0,,,0
Beverages & Water,10.99,0,,,0
Beverages & Water,39.99,0,,,0
Beverages & Water,22.99,0,,,0
Beverages & Water,61.99,0,,,0
Beverages & Water,24.99,0,4.0,3.0,0
Beverages & Water,39.99,0,4.8,1251.0,1
Beverages & Water,9.99,0,,,0
Beverages & Water,15.99,0,,,0
Beverages & Water,22.99,0,,,0
Beverages & Water,9.99,0,,,0
Beverages & Water,89.99,0,4.2,90.0,0
Beverages & Water,17.99,0,,,0
Beverages & Water,49.99,0,,,0
Beverages & Water,41.99,0,,,0
Beverages & Water,41.99,0,,,0
Beverages & Water,39.99,1,,,0
Beverages & Water,17.99,0,,,0
Beverages & Water,20.99,0,,,0
Beverages & Water,41.99,0,,,0
Beverages & Water,41.99,0,,,0
Beverages & Water,21.99,0,,,0
Beverages & Water,22.99,0,,,0
Beverages & Water,49.99,0,,,0
Beverages & Water,23.99,0,,,0
Beverages & Water,9.99,0,,,0
Beverages & Water,17.59,0,,,0
Beverages & Water,49.99,0,,,0
Beverages & Water,49.99,0,,,0
Beverages & Water,23.99,0,,,0
Beverages & Water,11.99,0,,,0
Beverages & Water,24.49,0,3.7,21.0,0
Breakfast,10.49,1,,,0
Breakfast,9.69,0,,,0
Breakfast,8.19,1,,,0
Breakfast,9.99,0,,,0
Breakfast,28.99,1,4.8,1275.0,1
Breakfast,36.99,0,4.7,149.0,0
Breakfast,14.99,0,,,0
Breakfast,9.99,0,,,0
Breakfast,10.49,0,,,0
Breakfast,12.99,0,,,0
Breakfast,9.49,0,,,0
Breakfast,12.49,0,,,0
Breakfast,10.99,0,,,0
Breakfast,9.99,0,,,0
Breakfast,11.99,1,,,0
Breakfast,9.99,0,,,0
Breakfast,11.99,0,,,0
Breakfast,10.99,0,,,0
Breakfast,10.99,0,,,0
Breakfast,12.69,0,,,0
Breakfast,14.99,0,,,0
Candy,16.99,0,,,0
Candy,15.99,0,,,0
Candy,16.99,0,,,0
Candy,22.99,0,,,0
Candy,10.99,1,,,0
Candy,11.99,0,,,0
Candy,15.99,0,,,0
Candy,34.99,0,,,0
Candy,29.99,0,4.8,227.0,0
Candy,11.99,1,,,0
Candy,14.99,0,,,0
Candy,24.99,0,,,0
Candy,39.99,0,,,0
Candy,29.99,0,4.9,761.0,1
Candy,15.99,0,,,0
Candy,11.99,0,,,0
Candy,44.99,0,,,0
Candy,31.99,0,,,0
Candy,17.99,0,,,0
Candy,49.99,0,4.7,1452.0,1
Candy,18.99,0,4.7,601.0,1
Candy,14.99,0,,,0
Candy,54.99,0,4.7,228.0,0
Candy,15.99,0,,,0
Candy,32.99,0,4.0,12.0,0
Candy,44.99,0,2.5,2.0,0
Candy,32.99,0,3.4,7.0,0
Candy,28.99,0,,,0
Candy,12.99,0,,,0
Candy,19.99,0,,,0
Candy,15.49,0,,,0
Candy,10.99,0,,,0
Candy,21.99,0,,,0
Candy,46.99,0,4.6,165.0,0
Candy,11.49,0,,,0
Candy,39.99,0,,,0
Candy,16.39,1,,,0
Candy,19.99,0,,,0
Candy,17.49,0,,,0
Candy,29.99,0,,,0
Candy,19.99,0,,,0
Candy,15.99,0,,,0
Candy,18.99,0,,,0
Candy,14.99,0,,,0
Candy,15.99,0,,,0
Candy,34.99,0,4.6,6766.0,1
Candy,17.99,0,,,0
Candy,18.99,0,,,0
Candy,13.99,0,,,0
Candy,19.99,0,,,0
Candy,16.39,1,,,0
Candy,39.99,0,,,0
Candy,9.99,0,,,0
Candy,19.99,0,,,0
Candy,17.99,0,,,0
Candy,11.99,0,,,0
Candy,16.99,0,,,0
Candy,16.99,0,,,0
Candy,11.49,0,,,0
Candy,19.99,0,,,0
Candy,17.99,0,,,0
Candy,44.99,0,,,0
Candy,10.99,1,,,0
Candy,8.99,0,,,0
Candy,24.99,0,,,0
Candy,24.99,0,,,0
Candy,16.49,0,,,0
Candy,10.49,1,,,0
Candy,11.99,0,,,0
Candy,34.99,0,4.7,2848.0,1
Candy,14.99,0,,,0
Candy,38.99,0,,,0
Candy,10.99,1,,,0
Candy,34.99,0,4.6,345.0,0
Candy,34.99,0,,,0
Candy,10.99,1,,,0
Candy,11.49,0,,,0
Candy,19.99,0,,,0
Candy,19.99,0,,,0
Candy,39.99,0,,,0
Candy,36.99,0,,,0
Candy,26.99,0,,,0
Candy,11.99,0,,,0
Candy,49.99,0,,,0
Candy,13.49,0,,,0
Candy,14.99,0,,,0
Candy,26.99,0,,,0
Candy,37.99,0,,,0
Candy,39.99,0,,,0
Candy,18.99,0,,,0
Candy,19.99,0,,,0
Candy,49.99,0,,,0
Candy,16.99,0,,,0
Candy,14.99,0,,,0
Candy,19.99,0,,,0
Candy,11.99,1,,,0
Candy,18.99,0,4.7,68.0,0
Candy,34.99,0,,,0
Candy,19.99,0,,,0
Candy,21.99,0,,,0
Candy,14.49,0,,,0
Candy,26.69,1,,,0
Candy,20.99,0,,,0
Candy,13.99,0,,,0
Candy,42.99,0,3.0,8.0,0
Candy,39.99,0,,,0
Candy,44.99,0,,,0
Candy,22.99,0,,,0
Candy,36.99,0,,,0
Candy,44.99,0,,,0
Candy,15.99,0,,,0
Candy,14.99,0,,,0
Candy,11.99,1,,,0
Candy,34.99,0,,,0
Candy,34.99,0,4.7,35.0,0
Candy,11.49,0,,,0
Candy,39.99,0,,,0
Candy,45.99,0,,,0
Candy,49.99,0,,,0
Candy,39.99,0,4.2,11.0,0
Candy,25.99,0,,,0
Candy,39.99,0,,,0
Candy,14.99,0,,,0
Candy,39.99,0,,,0
Candy,54.99,0,4.0,1.0,0
Candy,44.99,0,,,0
Candy,17.99,0,,,0
Candy,39.99,0,,,0
Candy,17.99,0,,,0
Candy,24.99,0,,,0
Candy,21.99,0,,,0
Candy,17.99,0,,,0
Candy,17.99,0,,,0
Candy,42.99,0,3.4,14.0,0
Candy,11.99,0,,,0
Candy,25.99,0,,,0
Candy,36.99,0,,,0
Candy,46.99,0,,,0
Candy,42.99,0,3.8,12.0,0
Candy,34.99,0,,,0
Candy,17.99,0,,,0
Candy,24.99,0,,,0
Candy,7.99,0,,,0
Candy,17.99,0,,,0
Candy,26.99,0,,,0
Candy,15.49,0,,,0
Candy,22.99,0,,,0
Candy,25.69,1,,,0
Candy,31.99,0,,,0
Candy,15.99,0,,,0
Candy,13.49,0,,,0
Candy,26.99,0,,,0
Candy,54.99,0,,,0
Candy,17.99,0,,,0
Cleaning Supplies,28.99,1,,,0
Cleaning Supplies,28.99,1,,,0
Cleaning Supplies,24.99,1,,,0
Cleaning Supplies,15.99,1,,,0
Cleaning Supplies,15.99,1,,,0
Cleaning Supplies,19.49,1,,,0
Cleaning Supplies,12.09,1,,,0
Cleaning Supplies,19.99,1,,,0
Cleaning Supplies,10.79,1,,,0
Cleaning Supplies,16.99,0,,,0
Cleaning Supplies,17.89,1,,,0
Cleaning Supplies,13.99,1,,,0
Cleaning Supplies,42.99,1,4.8,2658.0,1
Cleaning Supplies,23.99,0,,,0
Cleaning Supplies,34.99,0,,,0
Cleaning Supplies,28.79,0,,,0
Cleaning Supplies,21.49,0,,,0
Cleaning Supplies,54.99,0,4.6,386.0,0
Cleaning Supplies,21.99,0,,,0
Cleaning Supplies,19.99,0,,,0
Cleaning Supplies,89.99,0,4.7,3.0,0
Cleaning Supplies,22.99,0,,,0
Cleaning Supplies,14.49,1,,,0
Cleaning Supplies,84.99,0,4.3,19.0,0
Cleaning Supplies,89.99,0,4.8,1171.0,1
Cleaning Supplies,14.49,1,,,0
Cleaning Supplies,38.99,0,4.6,308.0,0
Cleaning Supplies,38.99,0,4.7,1064.0,1
Cleaning Supplies,13.99,0,,,0
Cleaning Supplies,13.99,0,,,0
Cleaning Supplies,29.99,0,4.4,112.0,0
Cleaning Supplies,17.99,0,,,0
Cleaning Supplies,16.99,1,,,0
Cleaning Supplies,32.99,0,,,0
Cleaning Supplies,12.99,0,,,0
Cleaning Supplies,38.99,0,4.7,2060.0,1
Cleaning Supplies,22.99,0,,,0
Cleaning Supplies,22.99,0,,,0
Cleaning Supplies,20.89,0,,,0
Cleaning Supplies,44.99,0,,,0
Cleaning Supplies,36.99,0,3.3,3.0,0
Cleaning Supplies,9.79,0,,,0
Cleaning Supplies,29.89,0,4.7,12.0,0
Cleaning Supplies,29.99,0,,,0
Cleaning Supplies,54.99,0,4.2,29.0,0
Cleaning Supplies,39.99,0,3.7,31.0,0
Cleaning Supplies,19.99,0,,,0
Cleaning Supplies,24.99,0,,,0
Cleaning Supplies,9.49,0,,,0
Cleaning Supplies,22.99,0,4.6,1571.0,1
Cleaning Supplies,24.99,0,4.5,116.0,0
Cleaning Supplies,22.99,0,,,0
Cleaning Supplies,41.99,0,4.9,12.0,0
Cleaning Supplies,19.99,0,,,0
Cleaning Supplies,10.99,0,,,0
Cleaning Supplies,74.99,0,2.3,3.0,0
Cleaning Supplies,17.89,1,4.7,896.0,1
Cleaning Supplies,29.99,0,,,0
Cleaning Supplies,199.99,0,4.5,426.0,0
Cleaning Supplies,42.99,0,,,0
Cleaning Supplies,49.99,0,4.4,183.0,0
Cleaning Supplies,11.99,0,,,0
Cleaning Supplies,14.99,0,,,0
Cleaning Supplies,12.49,0,,,0
Cleaning Supplies,10.99,0,,,0
Cleaning Supplies,59.99,0,4.4,19.0,0
Cleaning Supplies,23.99,0,3.7,55.0,0
Cleaning Supplies,29.99,0,4.8,997.0,1
Cleaning Supplies,18.49,0,4.6,403.0,0
Cleaning Supplies,10.99,0,,,0
Cleaning Supplies,14.99,0,,,0
Cleaning Supplies,47.99,0,4.1,164.0,0
Cleaning Supplies,18.39,1,,,0
Cleaning Supplies,24.99,0,4.7,23.0,0
Cleaning Supplies,22.99,0,4.7,1044.0,1
Cleaning Supplies,34.99,0,3.8,192.0,0
Cleaning Supplies,26.99,0,4.7,827.0,1
Cleaning Supplies,34.99,0,3.8,20.0,0
Cleaning Supplies,13.99,0,,,0
Cleaning Supplies,8.99,0,,,0
Cleaning Supplies,43.99,0,4.5,355.0,0
Cleaning Supplies,33.99,0,4.7,96.0,0
Cleaning Supplies,19.99,0,,,0
Cleaning Supplies,39.99,0,4.7,198.0,0
Cleaning Supplies,17.49,0,,,0
Cleaning Supplies,21.99,0,4.7,1114.0,1
Cleaning Supplies,28.49,0,,,0
Cleaning Supplies,34.99,0,4.9,7.0,0
Cleaning Supplies,19.99,0,,,0
Cleaning Supplies,8.99,0,,,0
Cleaning Supplies,17.49,0,,,0
Cleaning Supplies,89.99,0,4.8,53.0,0
Cleaning Supplies,29.99,0,4.5,194.0,0
Cleaning Supplies,26.99,0,,,0
Coffee,31.99,1,,,0
Coffee,31.99,1,,,0
Coffee,31.99,1,,,0
Coffee,10.29,1,,,0
Coffee,42.99,0,,,0
Coffee,31.99,1,,,0
Coffee,19.99,0,4.5,1087.0,1
Coffee,13.99,0,,,0
Coffee,18.99,0,4.4,2061.0,0
Coffee,42.99,0,4.0,306.0,0
Coffee,42.99,0,,,0
Coffee,37.99,0,4.7,1903.0,1
Coffee,18.99,0,,,0
Coffee,17.99,0,,,0
Coffee,42.99,0,,,0
Coffee,44.99,0,4.7,2458.0,1
Coffee,42.99,0,,,0
Coffee,20.99,0,,,0
Coffee,42.99,0,,,0
Coffee,42.99,0,4.7,361.0,0
Coffee,37.99,0,4.7,2762.0,1
Coffee,17.99,0,,,0
Coffee,18.99,0,,,0
Coffee,42.99,0,,,0
Coffee,29.99,0,4.6,2428.0,1
Coffee,42.99,0,,,0
Coffee,14.99,0,,,0
Coffee,19.99,0,,,0
Coffee,17.99,0,,,0
Coffee,35.99,0,,,0
Coffee,16.99,0,,,0
Coffee,18.99,0,,,0
Coffee,39.99,0,4.5,217.0,0
Coffee,28.99,1,,,0
Coffee,42.99,0,,,0
Coffee,42.99,0,4.7,534.0,1
Coffee,47.99,0,4.7,631.0,1
Coffee,42.99,0,4.7,244.0,0
Coffee,25.99,0,,,0
Coffee,44.99,0,,,0
Coffee,44.99,0,4.7,1664.0,1
Coffee,48.99,0,,,0
Coffee,99.99,0,4.7,13.0,0
Coffee,41.99,0,,,0
Coffee,48.99,0,,,0
Coffee,14.99,0,,,0
Coffee,28.99,0,,,0
Coffee,48.99,0,,,0
Coffee,44.99,0,4.7,2525.0,1
Coffee,56.99,0,4.7,1353.0,1
Coffee,44.99,0,,,0
Coffee,22.99,0,,,0
Coffee,44.99,0,4.6,1822.0,1
Coffee,34.99,1,4.8,2468.0,1
Coffee,34.99,0,3.9,85.0,0
Coffee,19.99,0,,,0
Coffee,39.99,0,4.7,1948.0,1
Coffee,39.99,0,4.6,424.0,0
Coffee,12.99,0,,,0
Coffee,39.99,0,4.6,14.0,0
Coffee,36.99,0,4.3,462.0,0
Coffee,48.99,0,,,0
Coffee,11.99,0,,,0
Coffee,29.99,0,4.1,107.0,0
Coffee,48.99,0,,,0
Coffee,16.99,0,,,0
Coffee,59.99,0,4.2,55.0,0
Coffee,34.99,0,4.6,812.0,1
Coffee,59.99,0,4.5,53.0,0
Coffee,59.99,0,4.3,27.0,0
Coffee,10.99,0,,,0
Coffee,16.99,0,,,0
Coffee,13.99,0,,,0
Coffee,29.69,1,,,0
Coffee,14.99,0,,,0
Coffee,6.59,0,,,0
Coffee,14.99,0,,,0
Coffee,44.99,0,4.7,1180.0,1
Coffee,39.99,0,4.5,147.0,0
Coffee,39.99,0,4.6,531.0,1
Coffee,39.99,0,3.7,18.0,0
Coffee,4.99,0,,,0
Coffee,39.99,0,4.6,355.0,0
Coffee,14.99,0,,,0
Coffee,23.99,0,,,0
Coffee,21.99,0,,,0
Coffee,44.99,0,4.8,2216.0,1
Coffee,20.99,0,,,0
Coffee,39.99,0,4.5,1046.0,1
Coffee,16.99,0,,,0
Coffee,13.99,0,,,0
Coffee,18.99,0,,,0
Coffee,39.99,0,4.4,129.0,0
Coffee,14.99,0,,,0
Coffee,42.99,0,4.4,1278.0,0
Deli,99.99,1,4.4,89.0,0
Deli,119.99,0,4.5,220.0,0
Deli,199.99,1,4.6,2452.0,1
Deli,89.99,0,4.2,811.0,0
Deli,149.99,1,4.4,226.0,0
Deli,199.99,0,4.5,1307.0,1
Deli,649.99,0,4.6,516.0,1
Deli,1.0,0,5.0,2.0,0
Deli,109.99,0,,,0
Deli,124.99,0,4.5,996.0,1
Deli,249.99,0,4.5,1466.0,1
Deli,249.99,0,4.4,451.0,0
Deli,279.99,0,4.4,348.0,0
Deli,249.99,0,4.2,42.0,0
Deli,199.99,0,4.5,261.0,0
Deli,169.99,0,4.5,268.0,0
Deli,549.99,0,4.7,79.0,0
Deli,1.0,0,4.6,57.0,0
Deli,379.99,0,4.6,429.0,0
Deli,59.99,0,3.9,151.0,0
Deli,249.99,0,4.5,537.0,1
Floral,49.99,0,4.0,6573.0,0
Floral,74.99,0,4.6,2893.0,1
Floral,59.99,0,,,0
Floral,54.99,0,,,0
Floral,64.99,0,,,0
Floral,64.99,0,,,0
Floral,46.99,0,4.3,5936.0,0
Floral,49.99,0,4.2,18098.0,0
Floral,69.99,0,,,0
Floral,59.99,0,4.2,1552.0,0
Floral,49.99,0,3.7,4046.0,0
Floral,64.99,0,,,0
Floral,54.99,0,4.2,1620.0,0
Floral,49.99,0,3.9,701.0,0
Floral,55.99,0,3.9,3642.0,0
Floral,49.99,0,3.9,798.0,0
Floral,59.99,0,4.4,2956.0,0
Floral,99.99,0,4.4,562.0,0
Floral,59.99,0,4.5,3227.0,1
Floral,64.99,0,,,0
Floral,49.99,0,4.1,6241.0,0
Floral,43.99,0,4.3,1733.0,0
Floral,99.99,0,4.2,2051.0,0
Floral,49.99,0,3.9,606.0,0
Floral,109.99,0,4.7,2421.0,1
Floral,109.99,0,4.7,3119.0,1
Floral,129.99,0,,,0
Floral,49.99,0,3.5,4801.0,0
Floral,56.99,0,4.1,1633.0,0
Floral,64.99,0,4.4,1633.0,0
Floral,59.99,0,,,0
Floral,49.99,0,4.3,5997.0,0
Floral,69.99,0,3.9,1210.0,0
Floral,49.99,0,4.1,2122.0,0
Floral,46.99,0,4.4,4171.0,0
Floral,59.99,0,4.4,1440.0,0
Floral,49.99,0,4.0,3294.0,0
Floral,64.99,0,,,0
Floral,57.99,0,4.4,1648.0,0
Floral,56.99,0,4.2,1579.0,0
Floral,49.99,0,4.0,3616.0,0
Floral,69.99,0,4.1,1181.0,0
Floral,49.99,0,4.3,3616.0,0
Floral,42.99,0,3.9,2622.0,0
Floral,43.99,0,4.2,2618.0,0
Floral,59.99,0,,,0
Floral,109.99,0,4.8,3452.0,1
Floral,58.99,0,4.5,2066.0,1
Floral,52.99,0,4.2,1143.0,0
Floral,52.99,0,4.3,3557.0,0
Floral,69.99,0,,,0
Floral,179.99,0,3.8,154.0,0
Floral,74.99,0,4.6,1557.0,1
Floral,45.99,0,4.2,3690.0,0
Floral,59.99,0,4.7,15.0,0
Floral,64.99,0,4.4,374.0,0
Floral,49.99,0,,,0
Floral,69.99,0,4.5,921.0,1
Floral,69.99,0,,,0
Floral,56.99,0,,,0
Floral,43.99,0,4.2,863.0,0
Floral,45.99,0,4.4,3401.0,0
Floral,119.99,0,3.7,123.0,0
Floral,59.99,0,,,0
Floral,49.99,0,,,0
Floral,46.99,0,4.3,4202.0,0
Floral,64.99,0,,,0
Floral,219.99,0,4.5,807.0,1
Floral,49.99,0,,,0
Floral,84.99,0,4.7,310.0,0
Floral,109.99,0,3.7,579.0,0
Floral,129.99,0,4.3,841.0,0
Floral,55.99,0,4.2,911.0,0
Floral,219.99,0,4.6,239.0,0
Floral,219.99,0,4.4,96.0,0
Gift Baskets,11.99,0,,,0
Gift Baskets,39.99,0,4.7,3083.0,1
Gift Baskets,49.99,0,4.5,15616.0,1
Gift Baskets,199.99,1,4.6,2452.0,1
Gift Baskets,49.99,1,4.5,10.0,0
Gift Baskets,17.99,0,,,0
Gift Baskets,29.99,0,4.4,1679.0,0
Gift Baskets,119.99,0,4.5,220.0,0
Gift Baskets,44.99,0,4.5,555.0,1
Gift Baskets,39.99,0,4.4,410.0,0
Gift Baskets,149.99,1,4.4,226.0,0
Gift Baskets,49.99,0,4.7,850.0,1
Gift Baskets,39.99,0,4.1,92.0,0
Gift Baskets,199.99,0,4.5,1307.0,1
Gift Baskets,49.99,0,4.1,184.0,0
Gift Baskets,34.99,0,4.7,1143.0,1
Gift Baskets,99.99,1,4.4,89.0,0
Gift Baskets,69.99,0,4.5,335.0,0
Gift Baskets,59.99,0,4.4,18.0,0
Gift Baskets,14.99,0,,,0
Gift Baskets,39.99,0,4.2,1413.0,0
Gift Baskets,99.99,0,4.6,119.0,0
Gift Baskets,39.99,0,4.6,941.0,1
Gift Baskets,49.99,0,4.8,17.0,0
Gift Baskets,89.99,0,4.5,79.0,0
Gift Baskets,79.99,0,4.3,152.0,0
Gift Baskets,69.99,0,3.7,3.0,0
Gift Baskets,69.99,0,4.4,45.0,0
Gift Baskets,59.99,0,4.5,314.0,0
Gift Baskets,39.99,0,4.5,251.0,0
Gift Baskets,149.99,0,5.0,3.0,0
Gift Baskets,159.99,0,4.5,859.0,1
Gift Baskets,34.99,0,4.6,97.0,0
Gift Baskets,49.99,0,4.5,60.0,0
Gift Baskets,59.99,0,3.8,46.0,0
Gift Baskets,49.99,0,,,0
Gift Baskets,49.99,0,4.4,18.0,0
Gift Baskets,44.99,0,,,0
Gift Baskets,39.99,0,4.5,440.0,0
Gift Baskets,44.99,0,5.0,3.0,0
Gift Baskets,15.99,0,,,0
Gift Baskets,49.99,0,4.5,128.0,0
Gift Baskets,89.99,0,4.8,465.0,0
Gift Baskets,124.99,0,4.5,996.0,1
Gift Baskets,34.99,0,4.4,312.0,0
Gift Baskets,46.99,0,4.4,753.0,0
Gift Baskets,54.99,0,4.3,119.0,0
Gift Baskets,79.99,0,4.8,115.0,0
Gift Baskets,21.99,0,,,0
Gift Baskets,199.99,0,4.5,261.0,0
Gift Baskets,49.99,0,,,0
Gift Baskets,54.99,0,4.6,265.0,0
Gift Baskets,59.99,0,4.8,147.0,0
Gift Baskets,56.99,0,4.8,477.0,0
Gift Baskets,59.99,0,4.6,106.0,0
Gift Baskets,39.99,0,4.2,8.0,0
Gift Baskets,79.99,0,4.4,598.0,0
Gift Baskets,109.99,0,4.5,41.0,0
Gift Baskets,379.99,0,4.6,429.0,0
Gift Baskets,109.99,0,4.7,1103.0,1
Gift Baskets,169.99,0,4.5,268.0,0
Gift Baskets,69.99,0,4.4,543.0,0
Gift Baskets,69.99,0,5.0,1.0,0
Gift Baskets,89.99,0,4.4,39.0,0
Gift Baskets,249.99,0,4.4,451.0,0
Gift Baskets,59.99,0,4.0,27.0,0
Gift Baskets,49.99,0,4.4,44.0,0
Gift Baskets,549.99,0,4.7,79.0,0
Gift Baskets,279.99,0,4.4,348.0,0
Gift Baskets,59.99,0,,,0
Gift Baskets,34.99,0,,,0
Gift Baskets,79.99,0,4.2,26.0,0
Gift Baskets,49.99,0,4.6,63.0,0
Gift Baskets,59.99,0,4.2,21.0,0
Gift Baskets,34.99,0,4.3,204.0,0
Gift Baskets,59.99,0,4.1,10.0,0
Gift Baskets,59.99,0,4.0,4.0,0
Gift Baskets,69.99,0,4.0,4.0,0
Gift Baskets,46.99,0,3.9,830.0,0
Gift Baskets,229.99,0,4.4,553.0,0
Gift Baskets,1.0,0,4.6,57.0,0
Gift Baskets,1.0,0,5.0,2.0,0
Gift Baskets,59.99,0,4.2,137.0,0
Gift Baskets,59.99,0,3.2,4.0,0
Gift Baskets,54.99,0,,,0
Gift Baskets,69.99,0,5.0,2.0,0
Gift Baskets,54.99,0,,,0
Gift Baskets,39.99,0,,,0
Gift Baskets,29.99,0,,,0
Household,18.99,0,,,0
Household,25.99,0,,,0
Household,11.99,0,,,0
Household,12.99,0,,,0
Household,17.99,0,,,0
Household,20.99,0,,,0
Household,17.99,0,,,0
Household,20.99,0,,,0
Household,20.99,0,,,0
Household,18.99,0,,,0
Household,18.99,0,,,0
Household,24.99,0,,,0
Household,17.99,0,,,0
Household,26.99,0,,,0
Household,14.99,0,,,0
Household,27.99,0,,,0
Household,36.99,0,,,0
Household,9.99,0,,,0
Household,19.99,0,,,0
Household,9.99,0,,,0
Household,12.99,0,,,0
Household,8.49,0,,,0
Household,7.49,0,,,0
Household,12.99,0,,,0
Household,8.99,0,,,0
Household,11.39,0,,,0
Household,22.99,0,,,0
Household,22.99,0,,,0
Household,12.99,0,,,0
Household,12.99,0,,,0
Household,49.99,0,,,0
Household,26.99,0,,,0
Household,93.79,0,,,0
Household,109.99,0,,,0
Household,17.99,0,,,0
Household,91.79,0,,,0
Household,11.39,0,,,0
Household,11.29,0,,,0
Household,93.79,0,,,0
Household,12.39,0,,,0
Household,95.79,0,,,0
Household,22.99,0,,,0
Household,10.49,0,,,0
Household,117.79,0,,,0
Household,15.99,0,,,0
Household,14.99,0,,,0
Household,26.99,0,,,0
Household,69.79,0,,,0
Household,4.49,0,,,0
Household,52.79,0,,,0
Household,93.79,0,,,0
Household,102.79,0,,,0
Household,84.79,0,,,0
Household,10.19,0,,,0
Household,16.49,0,,,0
Household,5.49,0,,,0
Household,19.99,0,,,0
Household,12.99,0,,,0
Household,12.79,0,,,0
Household,9.49,0,,,0
Household,11.99,0,,,0
Household,19.99,0,,,0
Household,8.99,0,,,0
Household,10.99,0,,,0
Household,14.99,0,,,0
Household,17.99,0,,,0
Household,11.99,0,,,0
Household,15.99,0,,,0
Household,16.99,0,,,0
Household,13.99,0,,,0
Household,26.99,0,,,0
Household,10.99,0,,,0
Household,39.99,0,,,0
Household,14.99,0,,,0
Household,39.99,0,,,0
Household,14.99,0,,,0
Household,73.99,0,,,0
Household,18.99,0,,,0
Household,18.99,0,,,0
Household,22.99,0,,,0
Household,16.99,0,,,0
Kirkland Signature Grocery,8.99,0,,,0
Kirkland Signature Grocery,22.99,0,,,0
Kirkland Signature Grocery,31.99,1,,,0
Kirkland Signature Grocery,15.99,1,4.7,2218.0,1
Kirkland Signature Grocery,31.99,1,,,0
Kirkland Signature Grocery,31.99,1,,,0
Kirkland Signature Grocery,52.99,0,4.5,1398.0,1
Kirkland Signature Grocery,18.99,0,,,0
Kirkland Signature Grocery,36.99,0,4.6,2196.0,1
Kirkland Signature Grocery,16.99,0,,,0
Kirkland Signature Grocery,14.99,0,,,0
Kirkland Signature Grocery,21.99,0,,,0
Kirkland Signature Grocery,19.99,0,,,0
Kirkland Signature Grocery,13.99,0,,,0
Kirkland Signature Grocery,32.99,0,4.5,2366.0,1
Kirkland Signature Grocery,22.99,0,,,0
Kirkland Signature Grocery,32.99,0,4.7,4394.0,1
Kirkland Signature Grocery,37.99,0,4.7,1903.0,1
Kirkland Signature Grocery,32.99,0,4.6,1568.0,1
Kirkland Signature Grocery,13.99,0,,,0
Kirkland Signature Grocery,31.99,1,,,0
Kirkland Signature Grocery,11.99,0,,,0
Kirkland Signature Grocery,15.99,0,,,0
Kirkland Signature Grocery,13.99,0,,,0
Kirkland Signature Grocery,9.99,0,,,0
Kirkland Signature Grocery,52.99,0,4.6,2313.0,1
Kirkland Signature Grocery,49.99,0,4.6,2994.0,1
Kirkland Signature Grocery,17.99,0,,,0
Kirkland Signature Grocery,44.99,0,4.7,2458.0,1
Kirkland Signature Grocery,22.99,0,,,0
Kirkland Signature Grocery,14.99,0,,,0
Kirkland Signature Grocery,18.99,0,,,0
Kirkland Signature Grocery,52.99,0,4.6,3871.0,1
Kirkland Signature Grocery,20.99,0,,,0
Kirkland Signature Grocery,12.99,0,,,0
Kirkland Signature Grocery,37.99,0,4.7,2762.0,1
Kirkland Signature Grocery,17.99,0,,,0
Kirkland Signature Grocery,21.99,0,,,0
Kirkland Signature Grocery,11.99,0,,,0
Kirkland Signature Grocery,7.99,0,,,0
Kirkland Signature Grocery,18.99,0,,,0
Kirkland Signature Grocery,18.99,0,,,0
Kirkland Signature Grocery,10.99,0,,,0
Kirkland Signature Grocery,18.99,0,,,0
Kirkland Signature Grocery,22.99,0,,,0
Kirkland Signature Grocery,18.99,0,,,0
Kirkland Signature Grocery,14.99,0,,,0
Kirkland Signature Grocery,9.99,0,,,0
Kirkland Signature Grocery,9.79,0,,,0
Kirkland Signature Grocery,16.99,0,,,0
Kirkland Signature Grocery,13.99,0,,,0
Kirkland Signature Grocery,32.99,0,4.5,1620.0,1
Kirkland Signature Grocery,14.99,0,,,0
Kirkland Signature Grocery,19.99,0,,,0
Kirkland Signature Grocery,949.99,0,4.6,58.0,0
Kirkland Signature Grocery,16.99,0,,,0
Kirkland Signature Grocery,20.99,0,,,0
Kirkland Signature Grocery,17.99,0,,,0
Kirkland Signature Grocery,13.99,0,,,0
Kirkland Signature Grocery,52.99,0,,,0
Kirkland Signature Grocery,32.99,0,,,0
Kirkland Signature Grocery,27.99,0,4.8,4595.0,1
Kirkland Signature Grocery,10.49,0,,,0
Kirkland Signature Grocery,17.99,0,,,0
Kirkland Signature Grocery,17.99,0,,,0
Kirkland Signature Grocery,9.49,0,,,0
Kirkland Signature Grocery,33.99,0,,,0
Kirkland Signature Grocery,19.99,0,,,0
Kirkland Signature Grocery,52.99,0,4.6,1715.0,1
Kirkland Signature Grocery,14.99,0,,,0
Kirkland Signature Grocery,19.99,0,,,0
Kirkland Signature Grocery,14.99,0,,,0
Kirkland Signature Grocery,36.99,0,4.5,1310.0,1
Kirkland Signature Grocery,18.49,0,,,0
Kirkland Signature Grocery,10.99,0,,,0
Kirkland Signature Grocery,14.99,0,,,0
Kirkland Signature Grocery,14.99,0,,,0
Kirkland Signature Grocery,10.99,0,,,0
Kirkland Signature Grocery,3.99,0,,,0
Kirkland Signature Grocery,21.99,0,,,0
Kirkland Signature Grocery,4.79,0,,,0
Kirkland Signature Grocery,8.99,0,,,0
Kirkland Signature Grocery,28.99,0,,,0
Kirkland Signature Grocery,17.99,0,,,0
Kirkland Signature Grocery,15.99,0,,,0
Kirkland Signature Grocery,12.99,0,,,0
Kirkland Signature Grocery,16.99,0,,,0
Kirkland Signature Grocery,34.99,0,,,0
Kirkland Signature Grocery,11.99,0,,,0
Kirkland Signature Grocery,10.99,0,,,0
Kirkland Signature Grocery,10.99,0,,,0
Kirkland Signature Grocery,38.99,0,,,0
Kirkland Signature Grocery,8.99,0,,,0
Kirkland Signature Grocery,11.99,0,,,0
Kirkland Signature Grocery,15.99,0,,,0
Kirkland Signature Grocery,10.99,0,,,0
Kirkland Signature Grocery,14.99,0,,,0
Kirkland Signature Grocery,13.99,0,,,0
Kirkland Signature Grocery,12.99,0,,,0
Kirkland Signature Grocery,13.99,0,,,0
Kirkland Signature Grocery,12.99,0,,,0
Kirkland Signature Grocery,14.99,0,,,0
Kirkland Signature Grocery,17.99,0,,,0
Kirkland Signature Grocery,19.99,0,,,0
Kirkland Signature Grocery,7.99,0,,,0
Kirkland Signature Grocery,6.69,0,,,0
Kirkland Signature Grocery,36.99,0,4.7,5134.0,1
Kirkland Signature Grocery,16.99,0,,,0
Kirkland Signature Grocery,17.99,0,,,0
Kirkland Signature Grocery,11.99,0,,,0
Kirkland Signature Grocery,9.99,0,,,0
Kirkland Signature Grocery,13.99,0,,,0
Kirkland Signature Grocery,14.99,0,,,0
Kirkland Signature Grocery,37.49,0,,,0
Kirkland Signature Grocery,21.99,0,,,0
Kirkland Signature Grocery,16.49,0,,,0
Kirkland Signature Grocery,9.49,0,,,0
Kirkland Signature Grocery,8.99,0,,,0
Kirkland Signature Grocery,17.99,0,,,0
Kirkland Signature Grocery,42.99,0,4.4,1278.0,0
Kirkland Signature Grocery,10.99,0,,,0
Kirkland Signature Grocery,11.49,0,,,0
Laundry Detergent & Supplies,28.99,1,,,0
Laundry Detergent & Supplies,28.99,1,,,0
Laundry Detergent & Supplies,24.99,1,,,0
Laundry Detergent & Supplies,19.49,1,,,0
Laundry Detergent & Supplies,10.79,1,,,0
Laundry Detergent & Supplies,17.89,1,,,0
Laundry Detergent & Supplies,13.99,1,,,0
Laundry Detergent & Supplies,42.99,1,4.8,2658.0,1
Laundry Detergent & Supplies,23.99,0,,,0
Laundry Detergent & Supplies,34.99,0,,,0
Laundry Detergent & Supplies,28.79,0,,,0
Laundry Detergent & Supplies,21.49,0,,,0
Laundry Detergent & Supplies,54.99,0,4.6,386.0,0
Laundry Detergent & Supplies,21.99,0,,,0
Laundry Detergent & Supplies,19.99,0,,,0
Laundry Detergent & Supplies,89.99,0,4.7,3.0,0
Laundry Detergent & Supplies,22.99,0,,,0
Laundry Detergent & Supplies,84.99,0,4.3,19.0,0
Laundry Detergent & Supplies,89.99,0,4.8,1171.0,1
Laundry Detergent & Supplies,38.99,0,4.6,308.0,0
Laundry Detergent & Supplies,38.99,0,4.7,1064.0,1
Laundry Detergent & Supplies,29.99,0,4.4,112.0,0
Laundry Detergent & Supplies,17.99,0,,,0
Laundry Detergent & Supplies,16.99,1,,,0
Laundry Detergent & Supplies,38.99,0,4.7,2060.0,1
Laundry Detergent & Supplies,22.99,0,,,0
Laundry Detergent & Supplies,44.99,0,,,0
Laundry Detergent & Supplies,29.99,0,,,0
Laundry Detergent & Supplies,54.99,0,4.2,29.0,0
Laundry Detergent & Supplies,19.99,0,,,0
Laundry Detergent & Supplies,24.99,0,4.5,116.0,0
Laundry Detergent & Supplies,74.99,0,2.3,3.0,0
Laundry Detergent & Supplies,17.89,1,4.7,896.0,1
Laundry Detergent & Supplies,11.99,0,,,0
Laundry Detergent & Supplies,18.39,1,,,0
Laundry Detergent & Supplies,43.99,0,4.5,355.0,0
Laundry Detergent & Supplies,39.99,0,4.7,198.0,0
Laundry Detergent & Supplies,34.99,0,4.9,7.0,0
Laundry Detergent & Supplies,17.49,0,,,0
Meat & Seafood,149.99,1,4.6,1237.0,1
Meat & Seafood,229.99,1,,,0
Meat & Seafood,239.99,1,4.0,108.0,0
Meat & Seafood,14.99,0,,,0
Meat & Seafood,129.99,1,,,0
Meat & Seafood,109.99,1,,,0
Meat & Seafood,109.99,1,4.7,104.0,0
Meat & Seafood,259.99,0,,,0
Meat & Seafood,159.99,0,4.2,11.0,0
Meat & Seafood,149.99,0,4.5,249.0,0
Meat & Seafood,139.99,0,4.4,207.0,0
Meat & Seafood,209.99,0,4.2,179.0,0
Meat & Seafood,99.99,0,4.3,43.0,0
Meat & Seafood,349.99,0,4.4,8.0,0
Meat & Seafood,109.99,1,4.6,336.0,0
Meat & Seafood,169.99,0,3.0,1.0,0
Meat & Seafood,199.99,0,4.5,50.0,0
Meat & Seafood,219.99,0,4.0,602.0,0
Meat & Seafood,99.99,0,4.0,19.0,0
Meat & Seafood,279.99,1,4.8,151.0,0
Meat & Seafood,159.99,0,4.5,859.0,1
Meat & Seafood,89.99,0,3.5,20.0,0
Meat & Seafood,119.99,0,3.5,109.0,0
Meat & Seafood,109.99,1,4.6,329.0,0
Meat & Seafood,229.99,0,4.6,349.0,0
Meat & Seafood,199.99,0,4.5,1307.0,1
Meat & Seafood,299.99,0,4.2,165.0,0
Meat & Seafood,279.99,0,,,0
Meat & Seafood,199.99,0,4.7,342.0,0
Meat & Seafood,99.99,0,4.5,251.0,0
Meat & Seafood,199.99,0,4.3,1787.0,0
Meat & Seafood,129.99,0,4.4,118.0,0
Meat & Seafood,339.99,0,1.0,1.0,0
Meat & Seafood,399.99,0,4.3,271.0,0
Meat & Seafood,199.99,0,3.9,1100.0,0
Meat & Seafood,349.99,0,4.2,104.0,0
Meat & Seafood,239.99,0,4.6,335.0,0
Meat & Seafood,219.99,0,4.7,208.0,0
Meat & Seafood,279.99,0,,,0
Meat & Seafood,89.99,0,3.1,16.0,0
Meat & Seafood,179.99,0,3.4,141.0,0
Meat & Seafood,429.99,0,4.6,492.0,0
Meat & Seafood,114.99,0,4.4,48.0,0
Meat & Seafood,299.99,0,4.5,110.0,0
Meat & Seafood,239.99,0,,,0
Meat & Seafood,129.99,0,,,0
Meat & Seafood,219.99,0,4.5,388.0,0
Meat & Seafood,109.99,0,4.1,134.0,0
Meat & Seafood,199.99,0,4.5,106.0,0
Meat & Seafood,99.99,0,4.2,26.0,0
Meat & Seafood,249.99,0,4.6,13.0,0
Meat & Seafood,229.99,0,4.4,947.0,0
Meat & Seafood,379.99,0,4.4,134.0,0
Meat & Seafood,159.99,0,,,0
Meat & Seafood,369.99,0,4.2,5.0,0
Meat & Seafood,469.99,0,3.4,64.0,0
Meat & Seafood,219.99,0,4.5,1193.0,1
Meat & Seafood,469.99,0,4.4,755.0,0
Meat & Seafood,64.99,0,4.4,53.0,0
Meat & Seafood,249.99,0,2.6,18.0,0
Meat & Seafood,189.99,0,4.2,677.0,0
Meat & Seafood,59.99,0,4.5,1550.0,1
Meat & Seafood,79.99,0,4.4,75.0,0
Meat & Seafood,99.99,0,4.5,173.0,0
Meat & Seafood,249.99,0,4.6,1640.0,1
Meat & Seafood,89.99,0,4.2,56.0,0
Meat & Seafood,129.99,0,4.0,41.0,0
Meat & Seafood,199.99,0,4.4,41.0,0
Meat & Seafood,109.99,0,4.5,196.0,0
Meat & Seafood,159.99,0,,,0
Meat & Seafood,299.99,0,3.9,220.0,0
Meat & Seafood,89.99,0,4.0,132.0,0
Meat & Seafood,64.99,0,5.0,6.0,0
Meat & Seafood,329.99,0,3.8,16.0,0
Meat & Seafood,269.99,0,4.6,41.0,0
Meat & Seafood,449.99,0,3.7,22.0,0
Meat & Seafood,179.99,0,4.5,40.0,0
Meat & Seafood,529.99,0,4.0,4.0,0
Meat & Seafood,149.99,0,4.7,20.0,0
Meat & Seafood,169.99,0,1.0,1.0,0
Meat & Seafood,169.99,0,3.0,55.0,0
Meat & Seafood,999.99,0,4.6,424.0,0
Meat & Seafood,1.0,0,4.6,657.0,1
Meat & Seafood,99.99,0,4.4,38.0,0
Meat & Seafood,199.99,0,4.4,48.0,0
Meat & Seafood,119.99,0,4.5,26.0,0
Meat & Seafood,239.99,0,4.1,109.0,0
Meat & Seafood,999.99,0,4.5,36.0,0
Meat & Seafood,139.99,0,4.7,13.0,0
Meat & Seafood,549.99,0,4.4,16.0,0
Meat & Seafood,249.99,0,4.2,194.0,0
Meat & Seafood,239.99,0,4.4,354.0,0
Meat & Seafood,,1,4.5,4.0,0
Meat & Seafood,399.99,0,3.9,62.0,0
Meat & Seafood,259.99,0,2.8,5.0,0
Meat & Seafood,399.99,0,4.2,14.0,0
Meat & Seafood,89.99,0,4.0,90.0,0
Meat & Seafood,119.99,0,4.4,104.0,0
Meat & Seafood,299.99,0,4.2,247.0,0
Meat & Seafood,129.99,0,4.7,93.0,0
Meat & Seafood,159.99,0,4.0,18.0,0
Meat & Seafood,189.99,0,4.1,7.0,0
Meat & Seafood,169.99,0,4.4,262.0,0
Meat & Seafood,269.99,0,4.8,190.0,0
Meat & Seafood,199.99,0,,,0
Meat & Seafood,179.99,0,4.5,209.0,0
Meat & Seafood,179.99,0,2.9,64.0,0
Meat & Seafood,149.99,0,4.1,344.0,0
Meat & Seafood,59.99,0,4.1,114.0,0
Meat & Seafood,159.99,0,4.9,10.0,0
Meat & Seafood,549.99,0,4.1,9.0,0
Meat & Seafood,69.97,0,4.5,26.0,0
Meat & Seafood,349.99,0,4.6,313.0,0
Meat & Seafood,139.99,0,4.9,7.0,0
Meat & Seafood,209.99,0,4.3,286.0,0
Meat & Seafood,329.99,0,4.6,235.0,0
Meat & Seafood,99.99,0,4.2,67.0,0
Meat & Seafood,169.99,0,,,0
Meat & Seafood,229.99,0,4.4,229.0,0
Meat & Seafood,179.99,0,4.6,42.0,0
Meat & Seafood,149.99,0,4.7,78.0,0
Meat & Seafood,269.99,0,4.3,232.0,0
Meat & Seafood,249.99,0,4.1,264.0,0
Meat & Seafood,569.99,0,4.5,208.0,0
Meat & Seafood,219.99,0,4.4,87.0,0
Meat & Seafood,189.99,0,4.7,23.0,0
Meat & Seafood,299.99,0,3.3,88.0,0
Meat & Seafood,219.99,0,4.3,751.0,0
Meat & Seafood,159.99,0,3.6,67.0,0
Meat & Seafood,149.99,0,4.1,75.0,0
Meat & Seafood,129.99,0,4.0,29.0,0
Meat & Seafood,139.99,0,4.3,3.0,0
Meat & Seafood,239.99,0,,,0
Meat & Seafood,229.99,0,4.4,553.0,0
Meat & Seafood,249.99,0,5.0,1.0,0
Meat & Seafood,139.99,0,3.8,146.0,0
Meat & Seafood,129.99,0,4.0,22.0,0
Meat & Seafood,259.99,0,3.8,6.0,0
Meat & Seafood,139.99,0,4.3,32.0,0
Meat & Seafood,219.99,0,4.5,140.0,0
Meat & Seafood,159.99,0,4.5,288.0,0
Meat & Seafood,249.99,0,4.8,84.0,0
Meat & Seafood,79.99,0,4.2,104.0,0
Meat & Seafood,649.99,0,4.7,305.0,0
Organic,11.99,0,,,0
Organic,9.99,0,,,0
Organic,18.99,0,,,0
Organic,9.99,0,,,0
Organic,14.99,0,,,0
Organic,14.99,0,,,0
Organic,47.99,0,4.7,631.0,1
Organic,17.99,0,,,0
Organic,33.99,0,,,0
Organic,14.99,0,,,0
Organic,10.99,0,,,0
Organic,48.99,0,,,0
Organic,14.99,0,,,0
Organic,44.99,0,4.7,2525.0,1
Organic,44.99,0,4.6,1822.0,1
Organic,10.99,0,,,0
Organic,12.99,0,,,0
Organic,11.69,0,,,0
Organic,39.99,0,4.4,440.0,0
Organic,17.99,0,,,0
Organic,17.99,0,,,0
Organic,11.99,0,,,0
Organic,49.99,0,4.6,1819.0,1
Organic,19.99,0,,,0
Organic,12.99,0,,,0
Organic,9.99,0,,,0
Organic,9.49,0,,,0
Organic,44.99,0,4.8,2216.0,1
Organic,10.99,0,,,0
Organic,17.99,0,,,0
Organic,39.99,0,4.5,1046.0,1
Organic,10.99,0,,,0
Organic,27.99,0,4.7,571.0,1
Pantry & Dry Goods,189.99,0,,,0
Pantry & Dry Goods,59.99,1,4.6,1571.0,1
Pantry & Dry Goods,14.99,0,,,0
Pantry & Dry Goods,9.69,1,,,0
Pantry & Dry Goods,23.99,0,,,0
Pantry & Dry Goods,9.69,1,,,0
Pantry & Dry Goods,10.99,1,,,0
Pantry & Dry Goods,11.99,0,,,0
Pantry & Dry Goods,18.99,0,,,0
Pantry & Dry Goods,13.99,0,,,0
Pantry & Dry Goods,74.99,0,4.6,255.0,0
Pantry & Dry Goods,7.99,0,,,0
Pantry & Dry Goods,22.99,0,,,0
Pantry & Dry Goods,10.99,1,,,0
Pantry & Dry Goods,18.99,0,,,0
Pantry & Dry Goods,14.99,0,,,0
Pantry & Dry Goods,22.99,0,,,0
Pantry & Dry Goods,9.99,0,,,0
Pantry & Dry Goods,12.49,0,,,0
Pantry & Dry Goods,13.49,0,,,0
Pantry & Dry Goods,13.99,0,,,0
Pantry & Dry Goods,14.99,0,,,0
Pantry & Dry Goods,18.99,0,,,0
Pantry & Dry Goods,19.99,0,,,0
Pantry & Dry Goods,19.99,0,,,0
Pantry & Dry Goods,13.99,0,,,0
Pantry & Dry Goods,52.99,0,,,0
Pantry & Dry Goods,9.99,0,,,0
Pantry & Dry Goods,13.99,0,,,0
Pantry & Dry Goods,26.99,0,,,0
Pantry & Dry Goods,10.39,1,,,0
Pantry & Dry Goods,17.99,0,,,0
Pantry & Dry Goods,17.99,0,,,0
Pantry & Dry Goods,14.99,0,,,0
Pantry & Dry Goods,14.99,0,,,0
Pantry & Dry Goods,10.99,0,,,0
Pantry & Dry Goods,59.99,1,4.7,1444.0,1
Pantry & Dry Goods,56.99,0,4.8,851.0,1
Pantry & Dry Goods,79.99,0,4.8,115.0,0
Pantry & Dry Goods,39.99,0,4.7,98.0,0
Pantry & Dry Goods,14.99,0,,,0
Pantry & Dry Goods,3.99,0,,,0
Pantry & Dry Goods,79.99,0,4.5,122.0,0
Pantry & Dry Goods,29.99,0,4.2,122.0,0
Pantry & Dry Goods,24.99,0,,,0
Pantry & Dry Goods,59.99,0,4.7,50.0,0
Pantry & Dry Goods,29.99,0,4.8,1241.0,1
Pantry & Dry Goods,4.79,0,,,0
Pantry & Dry Goods,17.49,1,,,0
Pantry & Dry Goods,64.99,0,4.3,285.0,0
Pantry & Dry Goods,12.99,0,,,0
Pantry & Dry Goods,14.99,0,,,0
Pantry & Dry Goods,17.99,0,,,0
Pantry & Dry Goods,13.99,0,,,0
Pantry & Dry Goods,14.99,0,,,0
Pantry & Dry Goods,10.99,0,,,0
Pantry & Dry Goods,19.99,0,,,0
Pantry & Dry Goods,11.99,0,,,0
Pantry & Dry Goods,21.99,0,4.5,122.0,0
Pantry & Dry Goods,15.99,0,,,0
Pantry & Dry Goods,349.99,0,4.3,15.0,0
Pantry & Dry Goods,44.99,0,5.0,3.0,0
Pantry & Dry Goods,10.99,0,,,0
Pantry & Dry Goods,13.99,0,,,0
Pantry & Dry Goods,8.99,0,,,0
Pantry & Dry Goods,49.99,0,4.7,646.0,1
Pantry & Dry Goods,10.99,0,,,0
Pantry & Dry Goods,27.99,0,5.0,1.0,0
Pantry & Dry Goods,109.99,0,4.5,52.0,0
Pantry & Dry Goods,12.99,0,,,0
Pantry & Dry Goods,10.99,0,,,0
Pantry & Dry Goods,59.99,0,4.7,401.0,0
Pantry & Dry Goods,10.69,0,,,0
Pantry & Dry Goods,10.99,0,,,0
Pantry & Dry Goods,13.99,0,,,0
Pantry & Dry Goods,15.99,0,,,0
Pantry & Dry Goods,10.99,0,,,0
Pantry & Dry Goods,24.99,0,,,0
Pantry & Dry Goods,12.99,0,,,0
Pantry & Dry Goods,21.99,0,4.4,41.0,0
Pantry & Dry Goods,7.99,0,,,0
Pantry & Dry Goods,6.69,0,,,0
Pantry & Dry Goods,37.99,0,,,0
Pantry & Dry Goods,69.99,0,4.5,4.0,0
Pantry & Dry Goods,6.49,0,,,0
Pantry & Dry Goods,14.99,0,,,0
Pantry & Dry Goods,14.99,0,,,0
Pantry & Dry Goods,229.99,0,4.3,43.0,0
Pantry & Dry Goods,7.99,0,,,0
Pantry & Dry Goods,16.99,0,,,0
Pantry & Dry Goods,99.99,0,4.4,215.0,0
Pantry & Dry Goods,10.99,0,,,0
Pantry & Dry Goods,21.99,0,,,0
Pantry & Dry Goods,10.69,1,,,0
Pantry & Dry Goods,9.99,0,,,0
Pantry & Dry Goods,10.69,1,,,0
Pantry & Dry Goods,14.99,0,,,0
Pantry & Dry Goods,10.49,0,,,0
Pantry & Dry Goods,54.99,0,4.9,41.0,0
Pantry & Dry Goods,9.99,0,,,0
Pantry & Dry Goods,12.99,0,,,0
Pantry & Dry Goods,49.99,0,3.7,17.0,0
Pantry & Dry Goods,11.99,0,,,0
Pantry & Dry Goods,16.99,0,,,0
Pantry & Dry Goods,44.99,0,3.9,15.0,0
Pantry & Dry Goods,9.99,0,,,0
Pantry & Dry Goods,10.99,0,,,0
Pantry & Dry Goods,36.99,0,4.7,561.0,1
Pantry & Dry Goods,8.99,0,,,0
Pantry & Dry Goods,19.99,0,4.7,411.0,0
Pantry & Dry Goods,27.99,0,,,0
Pantry & Dry Goods,10.99,0,,,0
Pantry & Dry Goods,16.99,0,,,0
Pantry & Dry Goods,15.99,0,,,0
Pantry & Dry Goods,18.99,0,,,0
Pantry & Dry Goods,12.99,0,,,0
Pantry & Dry Goods,6.99,0,,,0
Pantry & Dry Goods,9.49,0,,,0
Pantry & Dry Goods,9.99,0,,,0
Pantry & Dry Goods,8.99,0,,,0
Pantry & Dry Goods,19.99,0,4.9,906.0,1
Pantry & Dry Goods,36.99,0,3.3,11.0,0
Pantry & Dry Goods,16.99,1,,,0
Pantry & Dry Goods,9.99,0,,,0
Pantry & Dry Goods,21.99,0,,,0
Pantry & Dry Goods,10.99,0,,,0
Pantry & Dry Goods,17.99,0,,,0
Pantry & Dry Goods,16.99,0,,,0
Pantry & Dry Goods,8.49,0,,,0
Pantry & Dry Goods,349.99,0,4.1,19.0,0
Pantry & Dry Goods,14.99,0,,,0
Pantry & Dry Goods,49.99,0,4.8,880.0,1
Pantry & Dry Goods,9.99,0,,,0
Pantry & Dry Goods,14.99,0,,,0
Pantry & Dry Goods,16.99,0,4.7,970.0,1
Pantry & Dry Goods,8.49,0,,,0
Pantry & Dry Goods,49.99,0,4.4,172.0,0
Pantry & Dry Goods,6.99,0,,,0
Pantry & Dry Goods,37.99,0,4.4,46.0,0
Pantry & Dry Goods,17.99,0,,,0
Pantry & Dry Goods,8.99,1,,,0
Pantry & Dry Goods,56.99,0,4.7,177.0,0
Pantry & Dry Goods,19.99,0,,,0
Pantry & Dry Goods,15.99,0,,,0
Pantry & Dry Goods,11.99,0,,,0
Pantry & Dry Goods,26.99,0,,,0
Pantry & Dry Goods,12.99,0,,,0
Pantry & Dry Goods,24.99,0,,,0
Pantry & Dry Goods,16.99,0,,,0
Pantry & Dry Goods,26.99,0,,,0
Pantry & Dry Goods,10.99,0,,,0
Pantry & Dry Goods,15.99,0,,,0
Pantry & Dry Goods,10.49,0,,,0
Pantry & Dry Goods,10.99,0,,,0
Pantry & Dry Goods,6.99,0,,,0
Pantry & Dry Goods,7.99,0,,,0
Pantry & Dry Goods,11.99,0,,,0
Pantry & Dry Goods,28.99,0,,,0
Pantry & Dry Goods,49.99,0,4.1,47.0,0
Pantry & Dry Goods,54.99,0,4.5,39.0,0
Pantry & Dry Goods,8.99,0,,,0
Pantry & Dry Goods,21.99,0,4.6,437.0,0
Pantry & Dry Goods,8.49,0,,,0
Pantry & Dry Goods,9.99,0,,,0
Pantry & Dry Goods,7.99,0,,,0
Pantry & Dry Goods,79.99,0,3.4,13.0,0
Pantry & Dry Goods,27.99,0,4.7,571.0,1
Pantry & Dry Goods,44.99,0,4.8,23.0,0
Pantry & Dry Goods,79.99,0,4.6,308.0,0
Pantry & Dry Goods,36.99,0,4.7,570.0,1
Pantry & Dry Goods,19.99,0,4.6,680.0,1
Paper & Plastic Products,26.99,1,,,0
Paper & Plastic Products,29.99,0,,,0
Paper & Plastic Products,29.99,0,,,0
Paper & Plastic Products,18.49,1,,,0
Paper & Plastic Products,22.99,0,,,0
Paper & Plastic Products,31.99,0,4.6,256.0,0
Paper & Plastic Products,28.79,0,4.4,316.0,0
Paper & Plastic Products,26.99,0,3.1,12.0,0
Paper & Plastic Products,34.99,0,,,0
Paper & Plastic Products,24.99,0,,,0
Paper & Plastic Products,56.99,0,2.7,19.0,0
Paper & Plastic Products,24.99,0,,,0
Paper & Plastic Products,24.99,0,,,0
Paper & Plastic Products,18.99,0,,,0
Paper & Plastic Products,16.19,1,,,0
Paper & Plastic Products,28.79,0,4.1,101.0,0
Paper & Plastic Products,62.99,0,3.7,15.0,0
Paper & Plastic Products,46.99,0,4.2,1076.0,0
Paper & Plastic Products,25.99,0,,,0
Paper & Plastic Products,36.99,0,,,0
Paper & Plastic Products,48.99,0,,,0
Paper & Plastic Products,11.99,0,,,0
Paper & Plastic Products,12.99,0,,,0
Paper & Plastic Products,16.19,1,,,0
Paper & Plastic Products,16.19,1,,,0
Paper & Plastic Products,16.19,1,,,0
Paper & Plastic Products,16.19,1,,,0
Paper & Plastic Products,28.99,0,5.0,3.0,0
Paper & Plastic Products,24.99,0,,,0
Paper & Plastic Products,24.99,0,,,0
Paper & Plastic Products,24.99,0,,,0
Paper & Plastic Products,22.99,0,,,0
Paper & Plastic Products,23.99,0,4.7,116.0,0
Paper & Plastic Products,28.99,0,,,0
Paper & Plastic Products,16.19,1,,,0
Paper & Plastic Products,22.49,0,4.7,837.0,1
Paper & Plastic Products,13.69,1,,,0
Paper & Plastic Products,19.99,0,,,0
Paper & Plastic Products,26.49,0,,,0
Paper & Plastic Products,22.99,0,,,0
Paper & Plastic Products,16.19,1,,,0
Paper & Plastic Products,19.99,0,,,0
Paper & Plastic Products,18.49,0,,,0
Paper & Plastic Products,19.99,0,,,0
Paper & Plastic Products,26.99,0,,,0
Paper & Plastic Products,11.89,1,,,0
Paper & Plastic Products,12.49,0,,,0
Paper & Plastic Products,34.99,0,,,0
Paper & Plastic Products,38.99,0,,,0
Paper & Plastic Products,14.99,0,,,0
Paper & Plastic Products,13.99,0,,,0
Paper & Plastic Products,16.99,0,,,0
Paper & Plastic Products,19.99,0,,,0
Paper & Plastic Products,14.99,0,,,0
Paper & Plastic Products,14.99,0,,,0
Paper & Plastic Products,14.99,0,,,0
Paper & Plastic Products,12.99,0,,,0
Paper & Plastic Products,13.99,0,,,0
Paper & Plastic Products,57.99,0,4.7,10.0,0
Paper & Plastic Products,52.99,0,3.7,6.0,0
Paper & Plastic Products,13.99,0,,,0
Paper & Plastic Products,72.99,0,3.5,2.0,0
Paper & Plastic Products,18.99,0,,,0
Paper & Plastic Products,13.99,0,,,0
Paper & Plastic Products,14.99,0,,,0
Paper & Plastic Products,14.99,0,,,0
Paper & Plastic Products,19.49,0,,,0
Paper & Plastic Products,15.29,0,,,0
Paper & Plastic Products,14.99,0,,,0
Paper & Plastic Products,19.39,0,,,0
Paper & Plastic Products,33.99,0,,,0
Paper & Plastic Products,19.99,0,,,0
Paper & Plastic Products,24.99,0,,,0
Paper & Plastic Products,37.49,0,,,0
Paper & Plastic Products,13.39,0,,,0
Paper & Plastic Products,37.99,0,,,0
Paper & Plastic Products,16.49,0,,,0
Paper & Plastic Products,20.99,0,,,0
Paper & Plastic Products,12.99,0,,,0
Paper & Plastic Products,19.99,0,,,0
Paper & Plastic Products,16.49,0,,,0
Paper & Plastic Products,79.99,0,5.0,4.0,0
Paper & Plastic Products,16.49,0,,,0
Paper & Plastic Products,13.99,0,,,0
Paper & Plastic Products,28.99,0,,,0
Paper & Plastic Products,23.49,0,,,0
Paper & Plastic Products,33.99,0,,,0
Paper & Plastic Products,49.99,0,,,0
Poultry,159.99,0,4.2,11.0,0
Poultry,149.99,0,4.5,249.0,0
Poultry,139.99,0,4.4,207.0,0
Poultry,179.99,0,4.5,40.0,0
Poultry,149.99,0,4.7,20.0,0
Poultry,99.99,0,4.4,38.0,0
Poultry,,1,4.5,4.0,0
Poultry,179.99,0,4.6,42.0,0
Poultry,219.99,0,4.5,140.0,0
Seafood,149.99,1,4.6,1237.0,1
Seafood,239.99,1,4.0,108.0,0
Seafood,14.99,0,,,0
Seafood,259.99,0,,,0
Seafood,209.99,0,4.2,179.0,0
Seafood,349.99,0,4.4,8.0,0
Seafood,199.99,0,4.5,50.0,0
Seafood,219.99,0,4.0,602.0,0
Seafood,119.99,0,3.5,109.0,0
Seafood,229.99,0,4.6,349.0,0
Seafood,199.99,0,3.9,1100.0,0
Seafood,349.99,0,4.2,104.0,0
Seafood,239.99,0,4.6,335.0,0
Seafood,279.99,0,,,0
Seafood,179.99,0,3.4,141.0,0
Seafood,299.99,0,4.5,110.0,0
Seafood,239.99,0,,,0
Seafood,219.99,0,4.5,388.0,0
Seafood,109.99,0,4.1,134.0,0
Seafood,249.99,0,4.6,13.0,0
Seafood,229.99,0,4.4,947.0,0
Seafood,379.99,0,4.4,134.0,0
Seafood,159.99,0,,,0
Seafood,64.99,0,4.4,53.0,0
Seafood,189.99,0,4.2,677.0,0
Seafood,59.99,0,4.5,1550.0,1
Seafood,79.99,0,4.4,75.0,0
Seafood,129.99,0,4.0,41.0,0
Seafood,269.99,0,4.6,41.0,0
Seafood,169.99,0,1.0,1.0,0
Seafood,199.99,0,4.4,48.0,0
Seafood,119.99,0,4.5,26.0,0
Seafood,259.99,0,2.8,5.0,0
Seafood,169.99,0,4.4,262.0,0
Seafood,269.99,0,4.8,190.0,0
Seafood,199.99,0,,,0
Seafood,179.99,0,2.9,64.0,0
Seafood,59.99,0,4.1,114.0,0
Seafood,69.97,0,4.5,26.0,0
Seafood,269.99,0,4.3,232.0,0
Seafood,249.99,0,4.1,264.0,0
Seafood,219.99,0,4.4,87.0,0
Seafood,189.99,0,4.7,23.0,0
Seafood,139.99,0,4.3,3.0,0
Seafood,159.99,0,4.5,288.0,0
Seafood,249.99,0,4.8,84.0,0
Seafood,79.99,0,4.2,104.0,0
Snacks,8.99,0,,,0
Snacks,23.99,0,,,0
Snacks,39.99,1,4.7,292.0,0
Snacks,39.99,1,4.8,273.0,0
Snacks,16.99,1,,,0
Snacks,13.99,0,,,0
Snacks,13.99,0,,,0
Snacks,13.99,0,,,0
Snacks,18.99,0,,,0
Snacks,23.99,0,,,0
Snacks,22.99,0,,,0
Snacks,16.99,0,,,0
Snacks,9.49,1,,,0
Snacks,22.99,0,,,0
Snacks,20.99,1,,,0
Snacks,23.99,0,,,0
Snacks,,1,,,0
Snacks,22.99,0,,,0
Snacks,49.99,0,5.0,2.0,0
Snacks,23.99,0,,,0
Snacks,11.49,1,,,0
Snacks,14.99,0,,,0
Snacks,17.99,0,,,0
Snacks,18.99,0,,,0
Snacks,11.99,0,,,0
Snacks,11.89,1,,,0
Snacks,44.99,0,4.1,441.0,0
Snacks,14.99,0,,,0
Snacks,10.99,0,,,0
Snacks,42.99,0,4.2,243.0,0
Snacks,54.99,0,4.5,437.0,0
Snacks,17.99,0,,,0
Snacks,15.99,0,,,0
Snacks,22.99,0,,,0
Snacks,22.99,0,,,0
Snacks,17.99,0,,,0
Snacks,27.99,0,4.7,1418.0,1
Snacks,12.99,0,,,0
Snacks,8.99,1,,,0
Snacks,18.99,0,,,0
Snacks,17.99,0,,,0
Snacks,17.99,0,,,0
Snacks,9.99,0,,,0
Snacks,16.99,0,,,0
Snacks,10.69,1,,,0
Snacks,16.99,0,,,0
Snacks,13.99,0,,,0
Snacks,13.99,0,,,0
Snacks,14.99,0,,,0
Snacks,17.99,0,,,0
Snacks,12.99,0,,,0
Snacks,18.99,0,,,0
Snacks,19.99,0,,,0
Snacks,17.99,0,,,0
Snacks,24.49,0,,,0
Snacks,49.99,0,5.0,11.0,0
Snacks,32.99,0,,,0
Snacks,17.99,0,,,0
Snacks,22.99,0,,,0
Snacks,15.99,0,,,0
Snacks,19.99,0,,,0
Snacks,19.99,0,,,0
Snacks,44.99,0,,,0
Snacks,17.99,0,,,0
Snacks,10.49,0,,,0
Snacks,17.99,0,,,0
Snacks,38.99,0,4.7,2153.0,1
Snacks,17.99,0,,,0
Snacks,13.99,0,,,0
Snacks,49.99,0,4.8,101.0,0
Snacks,9.99,0,,,0
Snacks,18.99,0,,,0
Snacks,11.59,1,,,0
Snacks,33.99,0,,,0
Snacks,39.99,0,4.1,92.0,0
Snacks,13.49,0,,,0
Snacks,13.99,1,,,0
Snacks,26.99,0,,,0
Snacks,21.99,0,,,0
Snacks,12.49,0,,,0
Snacks,15.39,0,,,0
Snacks,21.99,0,,,0
Snacks,24.99,0,,,0
Snacks,13.19,0,,,0
Snacks,11.99,0,4.6,731.0,1
Snacks,12.99,0,,,0
Snacks,10.99,0,,,0
Snacks,18.39,1,,,0
Snacks,16.99,0,,,0
Snacks,21.99,0,,,0
Snacks,23.99,0,,,0
Snacks,15.99,0,,,0
Snacks,14.99,0,,,0
Snacks,49.99,0,4.2,85.0,0
Snacks,8.99,0,,,0
Snacks,12.49,0,,,0
Snacks,12.99,0,,,0
Snacks,13.99,0,,,0
Snacks,16.99,0,,,0
Snacks,9.99,0,,,0
Snacks,19.99,0,,,0
Snacks,15.99,0,,,0
Snacks,13.99,0,,,0
Snacks,21.79,0,,,0
Snacks,18.99,0,,,0
Snacks,12.99,0,,,0
Snacks,16.99,0,,,0
Snacks,13.99,0,,,0
Snacks,11.99,0,,,0
Snacks,7.79,1,,,0
Snacks,24.99,0,4.4,5.0,0
Snacks,16.99,0,,,0
Snacks,14.99,0,,,0
Snacks,21.99,0,,,0
Snacks,18.99,0,,,0
Snacks,42.99,0,3.7,82.0,0
Snacks,11.99,0,,,0
Snacks,19.99,0,,,0
Snacks,42.99,0,3.4,79.0,0
Snacks,12.99,0,,,0
Snacks,10.99,0,,,0
Snacks,10.99,0,,,0
Snacks,13.99,0,,,0
Snacks,10.99,0,,,0
Snacks,19.99,0,,,0
Snacks,17.99,0,,,0
Snacks,13.99,1,,,0
Snacks,12.99,0,,,0
Snacks,42.99,0,4.7,64.0,0
Snacks,19.99,0,,,0
Snacks,29.99,0,,,0
Snacks,10.49,0,,,0
Snacks,15.99,0,,,0
Snacks,12.99,0,,,0
Snacks,15.99,0,,,0
Snacks,64.99,0,4.5,454.0,0
Snacks,17.99,0,,,0
Snacks,39.99,0,4.4,440.0,0
Snacks,42.99,0,4.0,128.0,0
Snacks,16.99,0,,,0
Snacks,21.99,0,,,0
Snacks,12.99,0,,,0
Snacks,12.99,0,,,0
Snacks,12.99,0,,,0
Snacks,12.99,0,,,0
Snacks,23.99,0,,,0
Snacks,12.99,0,,,0
Snacks,26.99,0,,,0
Snacks,12.99,0,,,0
Snacks,20.99,0,,,0
Snacks,14.99,0,,,0
Snacks,19.99,0,,,0
Snacks,42.99,0,4.6,556.0,1
Snacks,11.99,0,,,0
Snacks,7.99,1,,,0
Snacks,9.49,0,,,0
Snacks,16.99,0,,,0
Snacks,36.99,0,,,0
Snacks,14.99,0,,,0
Snacks,14.99,0,,,0
Snacks,10.99,0,,,0
Snacks,15.99,0,,,0
Snacks,11.99,0,,,0
Snacks,15.99,0,,,0
Snacks,20.99,0,,,0
Snacks,10.99,0,,,0
Snacks,15.99,0,,,0
Snacks,21.99,0,,,0
Snacks,109.99,0,4.7,1103.0,1
Snacks,11.49,0,,,0
Snacks,16.99,0,,,0
Snacks,13.99,0,,,0
Snacks,13.79,0,,,0
Snacks,42.99,0,4.3,117.0,0
Snacks,17.99,0,,,0
Snacks,36.99,0,,,0
Snacks,9.49,0,,,0
Snacks,16.99,0,,,0
Snacks,10.69,1,,,0
Snacks,12.99,0,,,0
Snacks,16.99,0,,,0
Snacks,10.99,0,,,0
Snacks,59.99,0,2.8,15.0,0
Snacks,13.99,0,,,0
Snacks,14.99,1,,,0
Snacks,39.99,0,4.6,523.0,1
Snacks,49.99,0,,,0
Snacks,10.49,1,,,0
Snacks,11.49,0,,,0
Snacks,22.99,0,,,0
Snacks,21.99,0,,,0
Snacks,14.99,0,,,0
Snacks,16.99,0,,,0
Snacks,13.49,0,,,0
Snacks,28.99,0,,,0
Snacks,13.69,0,,,0
Snacks,11.99,0,,,0
Snacks,26.99,0,,,0
Snacks,11.89,1,,,0
Snacks,12.99,0,,,0
Snacks,16.99,0,,,0
Snacks,16.99,0,,,0
Snacks,62.99,0,,,0
Snacks,49.99,0,4.6,1819.0,1
Snacks,10.99,0,,,0
Snacks,32.99,0,4.5,786.0,1
Snacks,11.99,0,,,0
Snacks,35.99,0,,,0
Snacks,11.49,0,,,0
Snacks,17.99,0,,,0
Snacks,36.99,0,4.7,918.0,1
Snacks,17.99,0,,,0
Snacks,14.99,0,,,0
Snacks,19.99,0,,,0
Snacks,49.99,0,4.2,64.0,0
Snacks,14.99,0,,,0
Snacks,16.99,0,,,0
Snacks,8.49,0,,,0
Snacks,18.99,0,,,0
Snacks,49.99,0,4.5,42.0,0
Snacks,14.99,0,,,0
Snacks,29.99,0,,,0
Snacks,17.99,0,,,0
Snacks,9.99,0,,,0
Snacks,19.99,0,,,0
Snacks,23.99,0,,,0
Snacks,16.99,0,,,0
Snacks,44.99,0,,,0
Snacks,9.99,0,,,0
Snacks,27.99,0,,,0
Snacks,17.99,0,,,0
Snacks,15.99,0,,,0
Snacks,14.99,0,,,0
Snacks,17.99,0,,,0
Snacks,37.99,0,,,0
Snacks,12.49,0,,,0
Snacks,11.49,1,,,0
Snacks,15.99,0,,,0
Snacks,17.99,0,,,0
Snacks,28.99,0,,,0
Snacks,17.99,0,,,0
Snacks,9.99,0,,,0
Snacks,9.49,0,,,0
Snacks,17.99,1,,,0
Snacks,8.49,0,,,0
Snacks,9.99,0,,,0
Snacks,15.99,0,,,0
Snacks,24.99,0,4.0,816.0,0
Snacks,18.99,0,,,0
Snacks,12.49,0,,,0
Snacks,39.99,0,4.6,1352.0,1
Snacks,9.99,0,,,0
Snacks,56.99,0,4.8,477.0,0
Snacks,59.99,0,3.2,4.0,0
Snacks,15.99,0,,,0
Snacks,25.99,0,,,0
Snacks,11.99,0,,,0
Snacks,21.99,0,,,0
Snacks,18.49,0,,,0
Snacks,24.99,0,,,0
Snacks,11.99,0,,,0
Snacks,54.99,0,4.6,819.0,1
Snacks,22.99,0,,,0
Snacks,23.99,0,,,0
Snacks,18.99,0,,,0
Snacks,13.99,0,,,0
Snacks,11.99,0,,,0
Snacks,29.99,0,,,0
Snacks,26.99,0,,,0
Snacks,11.99,0,,,0
Snacks,10.99,0,,,0
Snacks,49.99,0,,,0
Snacks,10.49,0,,,0
Snacks,11.99,0,,,0
Snacks,11.99,0,,,0
Snacks,17.99,0,,,0
Snacks,39.99,0,4.4,11.0,0
Snacks,17.99,0,,,0
Snacks,22.99,0,,,0
Snacks,23.99,0,,,0
Snacks,12.49,0,,,0
Snacks,16.99,0,,,0
Snacks,32.99,0,4.6,611.0,1
Snacks,23.99,0,,,0
Snacks,49.99,0,,,0
Snacks,49.99,0,,,0
Snacks,49.99,0,,,0
Snacks,10.99,0,,,0
Snacks,23.99,0,,,0
Snacks,49.99,0,,,0
Snacks,22.99,0,,,0
Snacks,17.49,0,,,0
Snacks,21.99,0,,,0
