Customer ID,Customer Segment,Product ID,Product Category,Price (INR),Quantity Sold,Sales (Target)
103,Premium Shopper,130,Dairy,723,22,15906
436,Budget Shopper,123,Snacks,337,42,14154
349,Budget Shopper,198,Beverages,637,12,7644
271,Premium Shopper,159,Snacks,382,42,16044
107,Regular Shopper,144,Snacks,841,13,10933
72,Budget Shopper,197,Dairy,401,11,4411
189,Budget Shopper,102,Vegetables,252,16,4032
21,Regular Shopper,136,Fruits,796,8,6368
103,Regular Shopper,142,Vegetables,363,40,14520
122,Budget Shopper,139,Beverages,568,40,22720
467,Regular Shopper,189,Vegetables,836,45,37620
215,Budget Shopper,154,Beverages,572,2,1144
331,Regular Shopper,186,Beverages,548,30,16440
459,Regular Shopper,138,Fruits,875,30,26250
88,Premium Shopper,114,Dairy,808,12,9696
373,Regular Shopper,103,Fruits,838,10,8380
100,Premium Shopper,192,Vegetables,590,44,25960
360,Regular Shopper,185,Beverages,954,11,10494
152,Budget Shopper,124,Snacks,202,15,3030
131,Budget Shopper,112,Snacks,60,16,960
150,Regular Shopper,181,Beverages,570,17,9690
309,Regular Shopper,132,Fruits,416,26,10816
258,Budget Shopper,115,Dairy,723,2,1446
344,Regular Shopper,141,Fruits,798,12,9576
492,Premium Shopper,165,Beverages,513,26,13338
414,Premium Shopper,154,Beverages,678,23,15594
294,Premium Shopper,198,Dairy,926,18,16668
386,Premium Shopper,141,Vegetables,352,32,11264
192,Premium Shopper,133,Vegetables,146,49,7154
444,Regular Shopper,129,Dairy,577,38,21926
277,Regular Shopper,112,Vegetables,576,47,27072
161,Premium Shopper,112,Snacks,20,3,60
460,Regular Shopper,117,Vegetables,187,38,7106
314,Regular Shopper,131,Vegetables,639,3,1917
22,Premium Shopper,195,Vegetables,38,30,1140
253,Regular Shopper,198,Snacks,351,1,351
236,Regular Shopper,138,Vegetables,603,30,18090
345,Regular Shopper,145,Snacks,475,45,21375
49,Premium Shopper,128,Dairy,976,32,31232
475,Regular Shopper,161,Fruits,128,28,3584
59,Budget Shopper,192,Dairy,287,21,6027
170,Budget Shopper,161,Fruits,464,46,21344
476,Premium Shopper,156,Dairy,259,13,3367
188,Budget Shopper,115,Fruits,948,27,25596
464,Premium Shopper,155,Fruits,320,36,11520
271,Budget Shopper,109,Beverages,621,7,4347
190,Budget Shopper,129,Fruits,122,22,2684
446,Budget Shopper,124,Fruits,269,10,2690
175,Premium Shopper,183,Beverages,472,39,18408
446,Premium Shopper,104,Vegetables,539,15,8085
51,Regular Shopper,164,Vegetables,172,15,2580
364,Premium Shopper,193,Beverages,878,4,3512
55,Budget Shopper,148,Snacks,193,32,6176
244,Budget Shopper,102,Fruits,362,23,8326
320,Premium Shopper,144,Fruits,689,6,4134
131,Premium Shopper,113,Beverages,450,24,10800
485,Premium Shopper,129,Beverages,746,20,14920
307,Regular Shopper,167,Snacks,708,37,26196
135,Budget Shopper,117,Vegetables,706,20,14120
21,Regular Shopper,161,Dairy,871,12,10452
329,Regular Shopper,136,Vegetables,869,33,28677
167,Budget Shopper,124,Fruits,677,28,18956
274,Budget Shopper,147,Beverages,981,8,7848
388,Premium Shopper,164,Snacks,343,1,343
89,Premium Shopper,152,Vegetables,692,37,25604
316,Regular Shopper,178,Snacks,658,22,14476
14,Premium Shopper,172,Vegetables,439,6,2634
242,Premium Shopper,114,Fruits,613,21,12873
265,Budget Shopper,148,Dairy,504,32,16128
346,Budget Shopper,187,Snacks,678,35,23730
53,Premium Shopper,167,Snacks,770,15,11550
386,Budget Shopper,111,Dairy,431,5,2155
340,Premium Shopper,158,Snacks,955,46,43930
92,Budget Shopper,136,Snacks,103,48,4944
367,Budget Shopper,160,Vegetables,132,6,792
444,Budget Shopper,142,Vegetables,756,25,18900
455,Budget Shopper,169,Dairy,351,46,16146
428,Premium Shopper,138,Fruits,397,40,15880
264,Regular Shopper,155,Snacks,774,29,22446
431,Budget Shopper,162,Fruits,674,7,4718
35,Premium Shopper,145,Dairy,60,40,2400
206,Premium Shopper,187,Dairy,954,13,12402
81,Budget Shopper,110,Vegetables,789,38,29982
420,Regular Shopper,161,Snacks,978,18,17604
50,Budget Shopper,176,Beverages,816,2,1632
360,Premium Shopper,197,Dairy,124,8,992
388,Regular Shopper,124,Snacks,221,11,2431
2,Premium Shopper,170,Fruits,469,33,15477
390,Budget Shopper,151,Vegetables,838,38,31844
54,Regular Shopper,103,Fruits,862,48,41376
106,Premium Shopper,158,Dairy,992,27,26784
260,Premium Shopper,171,Dairy,285,20,5700
310,Premium Shopper,119,Fruits,929,12,11148
477,Budget Shopper,192,Dairy,229,43,9847
191,Regular Shopper,162,Snacks,582,31,18042
402,Budget Shopper,153,Dairy,137,27,3699
218,Budget Shopper,173,Vegetables,732,32,23424
44,Budget Shopper,197,Snacks,396,10,3960
162,Regular Shopper,156,Beverages,570,3,1710
202,Budget Shopper,189,Dairy,559,45,25155
446,Budget Shopper,140,Dairy,790,27,21330
484,Budget Shopper,102,Vegetables,103,35,3605
270,Budget Shopper,105,Vegetables,473,31,14663
351,Premium Shopper,104,Fruits,686,15,10290
304,Budget Shopper,104,Fruits,648,16,10368
271,Premium Shopper,153,Fruits,533,13,6929
456,Budget Shopper,146,Vegetables,624,49,30576
462,Regular Shopper,186,Fruits,697,35,24395
215,Premium Shopper,148,Fruits,406,11,4466
252,Premium Shopper,108,Beverages,931,21,19551
190,Premium Shopper,198,Fruits,369,11,4059
296,Premium Shopper,119,Dairy,315,30,9450
213,Regular Shopper,160,Vegetables,277,48,13296
208,Budget Shopper,134,Snacks,100,35,3500
237,Premium Shopper,149,Beverages,956,22,21032
338,Regular Shopper,181,Vegetables,287,38,10906
367,Premium Shopper,161,Vegetables,438,31,13578
53,Budget Shopper,116,Dairy,254,14,3556
280,Premium Shopper,187,Fruits,852,24,20448
410,Regular Shopper,102,Dairy,330,49,16170
217,Budget Shopper,131,Fruits,832,32,26624
252,Regular Shopper,198,Fruits,994,36,35784
188,Budget Shopper,112,Vegetables,376,32,12032
380,Budget Shopper,188,Fruits,232,15,3480
493,Budget Shopper,172,Beverages,593,43,25499
41,Premium Shopper,167,Beverages,68,35,2380
157,Regular Shopper,113,Beverages,146,3,438
15,Regular Shopper,197,Vegetables,242,16,3872
301,Regular Shopper,110,Dairy,940,5,4700
65,Budget Shopper,155,Snacks,298,21,6258
345,Premium Shopper,166,Fruits,427,10,4270
327,Budget Shopper,191,Snacks,524,19,9956
9,Regular Shopper,128,Dairy,313,25,7825
344,Premium Shopper,108,Dairy,815,4,3260
129,Premium Shopper,166,Vegetables,296,29,8584
492,Premium Shopper,124,Beverages,457,19,8683
136,Regular Shopper,197,Beverages,126,43,5418
472,Premium Shopper,175,Dairy,677,2,1354
63,Premium Shopper,141,Vegetables,439,10,4390
139,Budget Shopper,108,Vegetables,630,43,27090
499,Budget Shopper,178,Fruits,448,25,11200
81,Premium Shopper,139,Beverages,394,20,7880
392,Premium Shopper,124,Dairy,92,48,4416
163,Budget Shopper,104,Snacks,968,19,18392
419,Budget Shopper,110,Beverages,653,23,15019
289,Budget Shopper,158,Fruits,49,24,1176
379,Regular Shopper,197,Vegetables,207,11,2277
261,Regular Shopper,187,Dairy,383,46,17618
490,Budget Shopper,178,Beverages,885,34,30090
231,Premium Shopper,137,Snacks,819,28,22932
41,Budget Shopper,171,Fruits,470,5,2350
28,Regular Shopper,104,Fruits,214,5,1070
135,Premium Shopper,147,Beverages,175,21,3675
201,Regular Shopper,189,Snacks,191,12,2292
328,Premium Shopper,117,Fruits,866,4,3464
268,Regular Shopper,169,Dairy,60,49,2940
418,Premium Shopper,136,Fruits,82,42,3444
33,Premium Shopper,159,Snacks,42,20,840
48,Premium Shopper,147,Vegetables,379,38,14402
407,Premium Shopper,176,Vegetables,94,25,2350
62,Regular Shopper,127,Beverages,579,14,8106
216,Regular Shopper,168,Snacks,691,11,7601
293,Premium Shopper,176,Fruits,844,32,27008
99,Premium Shopper,180,Fruits,137,11,1507
172,Regular Shopper,139,Vegetables,631,18,11358
360,Premium Shopper,144,Vegetables,399,27,10773
214,Premium Shopper,195,Dairy,948,18,17064
475,Premium Shopper,161,Vegetables,939,23,21597
35,Budget Shopper,192,Dairy,698,11,7678
449,Premium Shopper,157,Fruits,309,21,6489
227,Budget Shopper,166,Dairy,459,44,20196
101,Premium Shopper,155,Dairy,687,5,3435
431,Regular Shopper,139,Beverages,952,23,21896
462,Budget Shopper,197,Vegetables,26,41,1066
131,Budget Shopper,139,Dairy,215,25,5375
257,Premium Shopper,190,Fruits,440,41,18040
5,Premium Shopper,176,Snacks,587,10,5870
218,Budget Shopper,132,Dairy,852,22,18744
255,Regular Shopper,105,Vegetables,212,19,4028
398,Regular Shopper,187,Beverages,578,1,578
359,Premium Shopper,118,Fruits,167,7,1169
283,Regular Shopper,179,Beverages,806,4,3224
393,Regular Shopper,139,Snacks,688,1,688
207,Premium Shopper,191,Dairy,221,15,3315
15,Regular Shopper,196,Dairy,463,40,18520
346,Premium Shopper,158,Vegetables,933,12,11196
42,Budget Shopper,158,Dairy,438,22,9636
380,Premium Shopper,147,Fruits,446,22,9812
461,Budget Shopper,140,Snacks,498,47,23406
179,Budget Shopper,112,Beverages,494,17,8398
63,Regular Shopper,144,Snacks,145,29,4205
352,Regular Shopper,188,Dairy,414,46,19044
231,Regular Shopper,152,Beverages,836,14,11704
241,Premium Shopper,141,Vegetables,900,20,18000
52,Regular Shopper,199,Snacks,825,48,39600
96,Budget Shopper,162,Beverages,595,33,19635
388,Regular Shopper,126,Beverages,344,43,14792
222,Regular Shopper,137,Beverages,411,15,6165
485,Premium Shopper,159,Fruits,949,12,11388
407,Premium Shopper,106,Snacks,707,40,28280
231,Budget Shopper,104,Beverages,647,20,12940
237,Premium Shopper,144,Snacks,459,30,13770
143,Regular Shopper,157,Beverages,223,38,8474
171,Premium Shopper,130,Vegetables,505,3,1515
29,Budget Shopper,122,Vegetables,852,28,23856
36,Regular Shopper,141,Vegetables,50,26,1300
13,Budget Shopper,109,Dairy,407,30,12210
160,Premium Shopper,131,Beverages,644,13,8372
327,Premium Shopper,152,Dairy,896,13,11648
187,Budget Shopper,129,Snacks,453,2,906
243,Regular Shopper,138,Dairy,856,37,31672
86,Premium Shopper,130,Snacks,945,49,46305
284,Premium Shopper,181,Snacks,395,38,15010
66,Regular Shopper,199,Snacks,363,2,726
170,Premium Shopper,101,Dairy,462,36,16632
45,Budget Shopper,177,Beverages,598,26,15548
62,Premium Shopper,176,Dairy,94,11,1034
441,Premium Shopper,192,Beverages,576,8,4608
134,Regular Shopper,111,Beverages,791,44,34804
284,Budget Shopper,138,Snacks,685,40,27400
28,Regular Shopper,165,Dairy,174,43,7482
108,Premium Shopper,195,Beverages,449,22,9878
44,Premium Shopper,112,Vegetables,382,20,7640
340,Regular Shopper,145,Beverages,467,8,3736
286,Regular Shopper,126,Vegetables,253,29,7337
446,Regular Shopper,116,Dairy,582,40,23280
331,Budget Shopper,194,Dairy,837,26,21762
128,Premium Shopper,197,Dairy,281,30,8430
348,Regular Shopper,159,Beverages,846,17,14382
473,Premium Shopper,163,Fruits,144,20,2880
231,Budget Shopper,187,Beverages,930,16,14880
190,Budget Shopper,134,Beverages,264,46,12144
225,Budget Shopper,169,Snacks,561,43,24123
385,Budget Shopper,182,Snacks,957,7,6699
377,Premium Shopper,129,Beverages,504,16,8064
283,Budget Shopper,170,Vegetables,141,45,6345
446,Budget Shopper,173,Snacks,144,47,6768
121,Regular Shopper,195,Beverages,568,48,27264
116,Budget Shopper,197,Fruits,189,27,5103
461,Regular Shopper,162,Vegetables,143,23,3289
233,Budget Shopper,127,Dairy,888,24,21312
259,Budget Shopper,159,Beverages,54,9,486
359,Regular Shopper,178,Beverages,106,35,3710
198,Budget Shopper,193,Vegetables,665,20,13300
456,Premium Shopper,136,Snacks,727,37,26899
411,Premium Shopper,192,Snacks,805,42,33810
137,Budget Shopper,121,Snacks,220,17,3740
318,Premium Shopper,167,Dairy,388,47,18236
165,Regular Shopper,119,Vegetables,816,31,25296
225,Budget Shopper,195,Vegetables,96,8,768
307,Budget Shopper,199,Snacks,78,15,1170
234,Regular Shopper,167,Snacks,450,31,13950
172,Regular Shopper,190,Fruits,657,30,19710
152,Regular Shopper,163,Fruits,519,46,23874
463,Budget Shopper,116,Beverages,932,20,18640
315,Regular Shopper,111,Beverages,128,39,4992
374,Regular Shopper,121,Vegetables,755,12,9060
160,Premium Shopper,116,Vegetables,297,49,14553
96,Premium Shopper,109,Dairy,87,17,1479
472,Budget Shopper,164,Dairy,88,42,3696
233,Premium Shopper,121,Fruits,184,30,5520
180,Premium Shopper,189,Beverages,508,29,14732
113,Regular Shopper,181,Fruits,324,19,6156
318,Regular Shopper,149,Fruits,928,46,42688
497,Premium Shopper,113,Beverages,693,11,7623
442,Premium Shopper,163,Dairy,384,34,13056
52,Premium Shopper,146,Beverages,873,7,6111
268,Budget Shopper,128,Snacks,840,44,36960
295,Budget Shopper,175,Snacks,398,34,13532
386,Budget Shopper,135,Snacks,362,20,7240
387,Premium Shopper,198,Vegetables,966,38,36708
113,Premium Shopper,151,Dairy,918,24,22032
101,Budget Shopper,175,Dairy,573,10,5730
113,Budget Shopper,106,Vegetables,373,32,11936
440,Premium Shopper,128,Fruits,435,15,6525
81,Regular Shopper,110,Snacks,128,37,4736
187,Budget Shopper,132,Snacks,582,20,11640
113,Premium Shopper,105,Fruits,781,3,2343
2,Premium Shopper,178,Beverages,516,37,19092
130,Regular Shopper,131,Beverages,360,40,14400
220,Premium Shopper,150,Dairy,961,8,7688
54,Premium Shopper,174,Vegetables,402,40,16080
343,Budget Shopper,157,Dairy,552,44,24288
485,Budget Shopper,186,Beverages,319,23,7337
224,Regular Shopper,125,Fruits,158,40,6320
225,Regular Shopper,197,Dairy,378,11,4158
385,Premium Shopper,145,Snacks,855,46,39330
403,Budget Shopper,197,Snacks,518,8,4144
126,Regular Shopper,128,Fruits,404,29,11716
130,Regular Shopper,103,Beverages,623,30,18690
53,Regular Shopper,180,Snacks,978,10,9780
172,Premium Shopper,198,Snacks,299,39,11661
218,Budget Shopper,112,Vegetables,656,28,18368
160,Regular Shopper,138,Dairy,502,49,24598
198,Budget Shopper,114,Beverages,928,36,33408
416,Regular Shopper,128,Dairy,130,13,1690
247,Regular Shopper,128,Beverages,885,32,28320
324,Budget Shopper,174,Snacks,158,36,5688
439,Budget Shopper,131,Vegetables,454,37,16798
203,Budget Shopper,101,Dairy,528,26,13728
184,Premium Shopper,146,Snacks,292,22,6424
123,Regular Shopper,177,Beverages,118,4,472
401,Premium Shopper,183,Dairy,783,31,24273
255,Budget Shopper,121,Dairy,869,18,15642
294,Regular Shopper,174,Snacks,123,38,4674
280,Premium Shopper,126,Dairy,233,24,5592
325,Regular Shopper,166,Vegetables,780,23,17940
372,Premium Shopper,180,Vegetables,683,22,15026
98,Budget Shopper,155,Snacks,781,2,1562
198,Premium Shopper,191,Beverages,806,31,24986
470,Regular Shopper,192,Snacks,184,11,2024
395,Regular Shopper,120,Vegetables,872,28,24416
240,Regular Shopper,146,Fruits,539,46,24794
144,Regular Shopper,179,Fruits,303,32,9696
97,Budget Shopper,158,Dairy,536,5,2680
201,Premium Shopper,183,Dairy,676,38,25688
124,Budget Shopper,105,Fruits,632,10,6320
187,Budget Shopper,118,Vegetables,183,40,7320
326,Budget Shopper,156,Dairy,905,46,41630
464,Regular Shopper,168,Snacks,678,24,16272
349,Regular Shopper,102,Snacks,83,35,2905
259,Regular Shopper,100,Vegetables,110,44,4840
148,Premium Shopper,157,Dairy,136,48,6528
252,Regular Shopper,137,Snacks,885,23,20355
443,Premium Shopper,114,Dairy,286,17,4862
420,Regular Shopper,133,Dairy,841,1,841
403,Regular Shopper,160,Snacks,704,31,21824
346,Budget Shopper,134,Fruits,578,31,17918
451,Budget Shopper,163,Snacks,159,42,6678
147,Budget Shopper,124,Vegetables,265,42,11130
148,Premium Shopper,123,Beverages,680,34,23120
352,Premium Shopper,111,Snacks,777,9,6993
199,Regular Shopper,117,Dairy,414,22,9108
308,Premium Shopper,114,Dairy,506,13,6578
489,Regular Shopper,179,Snacks,495,25,12375
417,Premium Shopper,126,Beverages,536,48,25728
424,Premium Shopper,171,Snacks,996,18,17928
128,Premium Shopper,159,Beverages,203,12,2436
39,Budget Shopper,145,Beverages,39,40,1560
338,Premium Shopper,188,Vegetables,956,17,16252
360,Budget Shopper,116,Dairy,577,15,8655
129,Budget Shopper,192,Dairy,543,42,22806
267,Premium Shopper,152,Beverages,601,15,9015
476,Regular Shopper,107,Dairy,548,15,8220
441,Regular Shopper,178,Fruits,902,39,35178
473,Regular Shopper,126,Beverages,166,13,2158
434,Premium Shopper,145,Dairy,685,17,11645
151,Regular Shopper,149,Fruits,323,32,10336
415,Budget Shopper,170,Vegetables,639,9,5751
478,Regular Shopper,102,Dairy,767,40,30680
298,Premium Shopper,192,Fruits,839,20,16780
99,Regular Shopper,163,Snacks,883,26,22958
263,Budget Shopper,143,Snacks,601,27,16227
252,Premium Shopper,152,Fruits,714,21,14994
144,Regular Shopper,123,Beverages,781,18,14058
346,Premium Shopper,159,Beverages,247,13,3211
112,Premium Shopper,102,Dairy,121,16,1936
500,Premium Shopper,119,Snacks,606,9,5454
60,Regular Shopper,145,Beverages,436,12,5232
369,Premium Shopper,114,Beverages,977,44,42988
2,Regular Shopper,124,Snacks,235,38,8930
385,Budget Shopper,193,Vegetables,426,19,8094
304,Regular Shopper,177,Beverages,418,7,2926
254,Budget Shopper,170,Fruits,942,35,32970
140,Regular Shopper,116,Dairy,734,48,35232
453,Premium Shopper,183,Beverages,723,18,13014
37,Regular Shopper,199,Beverages,780,16,12480
160,Premium Shopper,108,Vegetables,518,39,20202
9,Budget Shopper,137,Fruits,773,4,3092
233,Regular Shopper,147,Dairy,484,25,12100
99,Premium Shopper,159,Beverages,710,32,22720
147,Budget Shopper,162,Dairy,968,40,38720
304,Budget Shopper,185,Snacks,993,13,12909
208,Regular Shopper,101,Beverages,750,45,33750
131,Budget Shopper,187,Beverages,101,17,1717
404,Premium Shopper,171,Snacks,623,49,30527
152,Budget Shopper,110,Vegetables,966,37,35742
54,Budget Shopper,163,Beverages,706,6,4236
120,Premium Shopper,176,Dairy,770,19,14630
161,Budget Shopper,180,Fruits,791,13,10283
408,Budget Shopper,171,Dairy,922,26,23972
116,Budget Shopper,120,Vegetables,384,14,5376
75,Budget Shopper,117,Fruits,182,31,5642
113,Premium Shopper,193,Dairy,67,4,268
456,Budget Shopper,163,Dairy,530,39,20670
420,Premium Shopper,181,Snacks,348,8,2784
422,Budget Shopper,194,Vegetables,859,25,21475
104,Budget Shopper,137,Snacks,135,13,1755
340,Budget Shopper,131,Fruits,960,32,30720
254,Budget Shopper,110,Snacks,868,38,32984
227,Premium Shopper,144,Vegetables,356,38,13528
112,Premium Shopper,188,Beverages,900,28,25200
473,Premium Shopper,132,Beverages,756,30,22680
99,Regular Shopper,140,Fruits,883,3,2649
153,Budget Shopper,107,Beverages,859,28,24052
349,Budget Shopper,110,Snacks,166,3,498
402,Premium Shopper,185,Fruits,594,45,26730
384,Regular Shopper,150,Vegetables,825,34,28050
366,Budget Shopper,187,Fruits,342,16,5472
338,Premium Shopper,140,Fruits,462,22,10164
194,Budget Shopper,116,Dairy,856,32,27392
310,Budget Shopper,175,Dairy,32,38,1216
163,Premium Shopper,145,Fruits,962,8,7696
208,Premium Shopper,131,Beverages,513,8,4104
445,Budget Shopper,178,Dairy,720,6,4320
169,Budget Shopper,179,Vegetables,306,14,4284
484,Premium Shopper,153,Snacks,739,32,23648
161,Budget Shopper,185,Dairy,133,35,4655
68,Budget Shopper,191,Fruits,499,10,4990
289,Premium Shopper,119,Beverages,41,3,123
398,Budget Shopper,132,Snacks,368,12,4416
277,Budget Shopper,173,Dairy,745,49,36505
304,Regular Shopper,139,Beverages,702,31,21762
404,Premium Shopper,131,Beverages,854,29,24766
384,Regular Shopper,196,Beverages,585,5,2925
392,Regular Shopper,101,Fruits,925,25,23125
135,Regular Shopper,196,Vegetables,829,41,33989
195,Budget Shopper,132,Beverages,339,31,10509
401,Budget Shopper,176,Snacks,145,21,3045
128,Regular Shopper,129,Dairy,296,20,5920
33,Regular Shopper,132,Snacks,995,39,38805
176,Regular Shopper,176,Fruits,223,22,4906
460,Budget Shopper,125,Fruits,213,4,852
443,Regular Shopper,121,Snacks,700,13,9100
371,Regular Shopper,165,Vegetables,683,45,30735
470,Premium Shopper,137,Fruits,566,42,23772
375,Premium Shopper,189,Fruits,715,49,35035
22,Budget Shopper,145,Snacks,305,20,6100
238,Premium Shopper,114,Fruits,76,13,988
158,Premium Shopper,197,Vegetables,753,17,12801
38,Premium Shopper,143,Vegetables,322,36,11592
230,Budget Shopper,148,Vegetables,182,33,6006
365,Premium Shopper,174,Dairy,38,1,38
51,Budget Shopper,160,Vegetables,389,15,5835
438,Regular Shopper,166,Vegetables,283,13,3679
264,Premium Shopper,105,Dairy,813,17,13821
283,Budget Shopper,108,Beverages,132,24,3168
27,Premium Shopper,105,Fruits,507,8,4056
226,Regular Shopper,172,Vegetables,346,27,9342
277,Budget Shopper,194,Fruits,561,45,25245
286,Budget Shopper,131,Snacks,666,23,15318
97,Budget Shopper,140,Fruits,598,46,27508
284,Regular Shopper,175,Dairy,84,8,672
367,Regular Shopper,107,Fruits,311,8,2488
448,Regular Shopper,171,Fruits,44,26,1144
481,Budget Shopper,149,Fruits,568,47,26696
453,Regular Shopper,191,Beverages,20,13,260
317,Premium Shopper,161,Beverages,930,39,36270
304,Regular Shopper,183,Snacks,568,37,21016
147,Budget Shopper,161,Dairy,160,49,7840
4,Premium Shopper,106,Fruits,763,28,21364
35,Regular Shopper,174,Fruits,667,25,16675
192,Premium Shopper,183,Fruits,920,16,14720
49,Premium Shopper,179,Fruits,207,2,414
17,Budget Shopper,103,Beverages,147,18,2646
172,Premium Shopper,105,Snacks,220,17,3740
220,Premium Shopper,157,Vegetables,146,30,4380
158,Budget Shopper,121,Dairy,276,39,10764
477,Budget Shopper,125,Fruits,695,13,9035
46,Budget Shopper,102,Snacks,566,32,18112
373,Premium Shopper,140,Vegetables,213,29,6177
6,Premium Shopper,159,Snacks,722,46,33212
99,Premium Shopper,113,Beverages,123,30,3690
380,Budget Shopper,174,Vegetables,554,18,9972
233,Regular Shopper,181,Snacks,284,13,3692
37,Premium Shopper,111,Beverages,821,43,35303
280,Regular Shopper,186,Snacks,961,21,20181
349,Budget Shopper,111,Snacks,993,30,29790
497,Premium Shopper,112,Vegetables,403,21,8463
302,Regular Shopper,124,Beverages,279,48,13392
181,Premium Shopper,144,Fruits,433,17,7361
95,Premium Shopper,118,Dairy,377,40,15080
99,Premium Shopper,154,Vegetables,94,19,1786
188,Regular Shopper,199,Beverages,374,15,5610
481,Budget Shopper,144,Snacks,603,9,5427
116,Premium Shopper,107,Beverages,790,10,7900
191,Budget Shopper,192,Dairy,929,44,40876
253,Budget Shopper,152,Dairy,207,31,6417
469,Regular Shopper,154,Fruits,992,23,22816
416,Regular Shopper,131,Fruits,704,30,21120
471,Budget Shopper,150,Dairy,309,33,10197
161,Premium Shopper,143,Vegetables,64,9,576
256,Regular Shopper,181,Vegetables,592,47,27824
323,Premium Shopper,169,Snacks,102,1,102
128,Premium Shopper,117,Fruits,142,44,6248
18,Premium Shopper,182,Snacks,377,35,13195
281,Budget Shopper,121,Fruits,547,11,6017
490,Premium Shopper,136,Dairy,85,34,2890
223,Budget Shopper,195,Vegetables,955,16,15280
54,Budget Shopper,155,Vegetables,676,9,6084
58,Premium Shopper,158,Dairy,394,32,12608
323,Premium Shopper,102,Snacks,181,15,2715
360,Premium Shopper,127,Snacks,765,12,9180
174,Premium Shopper,173,Beverages,399,33,13167
280,Budget Shopper,134,Fruits,675,45,30375
114,Premium Shopper,160,Snacks,377,14,5278
288,Premium Shopper,192,Dairy,207,8,1656
431,Budget Shopper,153,Snacks,341,8,2728
342,Regular Shopper,162,Vegetables,469,27,12663
151,Regular Shopper,178,Fruits,493,12,5916
450,Budget Shopper,196,Beverages,32,1,32
127,Regular Shopper,106,Fruits,203,43,8729
155,Budget Shopper,175,Vegetables,130,40,5200
490,Premium Shopper,148,Vegetables,946,42,39732
386,Premium Shopper,193,Vegetables,527,11,5797
474,Regular Shopper,184,Vegetables,309,39,12051
273,Premium Shopper,130,Dairy,314,43,13502
104,Regular Shopper,157,Beverages,470,31,14570
417,Regular Shopper,160,Vegetables,923,17,15691
393,Premium Shopper,123,Vegetables,234,33,7722
299,Premium Shopper,119,Snacks,993,32,31776
246,Regular Shopper,136,Beverages,651,29,18879
176,Premium Shopper,103,Fruits,913,21,19173
39,Budget Shopper,191,Beverages,586,21,12306
477,Premium Shopper,119,Beverages,46,40,1840
170,Premium Shopper,159,Beverages,649,23,14927
247,Budget Shopper,123,Vegetables,752,6,4512
26,Premium Shopper,149,Vegetables,250,22,5500
355,Premium Shopper,148,Dairy,584,38,22192
306,Regular Shopper,150,Fruits,826,37,30562
409,Premium Shopper,195,Snacks,340,45,15300
408,Premium Shopper,135,Beverages,932,8,7456
13,Budget Shopper,197,Fruits,252,41,10332
316,Regular Shopper,199,Fruits,689,49,33761
391,Regular Shopper,165,Dairy,456,35,15960
313,Regular Shopper,178,Snacks,800,11,8800
36,Premium Shopper,133,Beverages,552,24,13248
173,Regular Shopper,135,Snacks,422,49,20678
20,Budget Shopper,105,Dairy,72,21,1512
321,Regular Shopper,138,Vegetables,806,2,1612
264,Budget Shopper,141,Fruits,332,40,13280
494,Regular Shopper,157,Beverages,300,19,5700
400,Regular Shopper,111,Vegetables,745,39,29055
142,Budget Shopper,102,Dairy,50,28,1400
460,Regular Shopper,117,Snacks,356,17,6052
371,Regular Shopper,139,Fruits,202,6,1212
471,Regular Shopper,120,Beverages,42,19,798
143,Premium Shopper,114,Vegetables,563,38,21394
92,Budget Shopper,196,Vegetables,465,28,13020
354,Regular Shopper,198,Fruits,93,2,186
322,Budget Shopper,125,Snacks,29,38,1102
288,Budget Shopper,107,Dairy,503,37,18611
215,Budget Shopper,199,Snacks,475,4,1900
447,Regular Shopper,193,Snacks,585,22,12870
342,Regular Shopper,186,Snacks,583,26,15158
51,Budget Shopper,141,Fruits,679,49,33271
153,Premium Shopper,143,Fruits,179,43,7697
186,Budget Shopper,113,Dairy,901,36,32436
63,Premium Shopper,177,Snacks,33,13,429
190,Budget Shopper,101,Fruits,197,32,6304
125,Budget Shopper,136,Dairy,431,17,7327
150,Budget Shopper,168,Dairy,897,41,36777
314,Regular Shopper,137,Snacks,72,36,2592
58,Premium Shopper,140,Beverages,427,46,19642
342,Premium Shopper,161,Snacks,866,19,16454
305,Budget Shopper,159,Beverages,41,35,1435
180,Regular Shopper,113,Dairy,49,46,2254
170,Regular Shopper,188,Fruits,722,40,28880
326,Premium Shopper,183,Vegetables,279,28,7812
271,Regular Shopper,101,Dairy,224,1,224
54,Premium Shopper,169,Fruits,78,42,3276
491,Premium Shopper,116,Dairy,490,18,8820
444,Premium Shopper,188,Snacks,795,48,38160
101,Regular Shopper,127,Beverages,485,40,19400
481,Premium Shopper,165,Dairy,31,33,1023
264,Premium Shopper,134,Fruits,650,12,7800
53,Budget Shopper,104,Snacks,946,8,7568
60,Premium Shopper,164,Vegetables,993,24,23832
492,Premium Shopper,139,Snacks,309,16,4944
108,Budget Shopper,175,Beverages,869,4,3476
5,Budget Shopper,155,Snacks,779,38,29602
103,Regular Shopper,135,Vegetables,373,44,16412
196,Premium Shopper,144,Fruits,658,27,17766
262,Regular Shopper,122,Dairy,94,9,846
365,Regular Shopper,146,Beverages,892,47,41924
480,Budget Shopper,130,Vegetables,735,16,11760
372,Regular Shopper,110,Beverages,580,12,6960
350,Premium Shopper,109,Snacks,610,31,18910
47,Budget Shopper,166,Beverages,460,24,11040
355,Premium Shopper,113,Vegetables,260,14,3640
311,Premium Shopper,179,Dairy,880,45,39600
424,Budget Shopper,173,Dairy,173,25,4325
308,Premium Shopper,192,Beverages,805,34,27370
144,Budget Shopper,109,Fruits,115,3,345
269,Premium Shopper,175,Beverages,745,24,17880
370,Budget Shopper,193,Snacks,313,42,13146
124,Regular Shopper,100,Dairy,228,9,2052
106,Premium Shopper,104,Dairy,362,26,9412
158,Budget Shopper,119,Dairy,107,20,2140
147,Premium Shopper,107,Fruits,837,40,33480
145,Premium Shopper,142,Fruits,795,10,7950
120,Premium Shopper,175,Vegetables,956,19,18164
319,Budget Shopper,100,Beverages,409,3,1227
275,Regular Shopper,156,Beverages,344,24,8256
92,Regular Shopper,163,Snacks,959,5,4795
58,Regular Shopper,183,Dairy,908,3,2724
439,Budget Shopper,127,Fruits,851,27,22977
346,Regular Shopper,136,Snacks,176,16,2816
229,Budget Shopper,146,Snacks,687,49,33663
474,Premium Shopper,175,Fruits,670,15,10050
117,Premium Shopper,136,Beverages,652,35,22820
318,Regular Shopper,148,Dairy,596,12,7152
279,Budget Shopper,143,Beverages,638,41,26158
127,Premium Shopper,155,Snacks,678,44,29832
393,Budget Shopper,127,Dairy,156,26,4056
396,Budget Shopper,178,Vegetables,942,47,44274
129,Premium Shopper,105,Snacks,693,34,23562
58,Budget Shopper,160,Beverages,447,23,10281
122,Premium Shopper,119,Beverages,471,31,14601
1,Premium Shopper,177,Beverages,631,20,12620
239,Premium Shopper,101,Fruits,869,12,10428
290,Budget Shopper,172,Snacks,930,23,21390
96,Premium Shopper,136,Dairy,838,4,3352
126,Budget Shopper,119,Beverages,160,23,3680
118,Premium Shopper,125,Beverages,102,48,4896
48,Premium Shopper,128,Fruits,196,48,9408
89,Regular Shopper,100,Dairy,217,1,217
488,Regular Shopper,134,Snacks,643,25,16075
237,Regular Shopper,169,Vegetables,587,2,1174
373,Budget Shopper,158,Fruits,991,30,29730
385,Budget Shopper,168,Snacks,710,3,2130
272,Premium Shopper,132,Vegetables,440,21,9240
189,Premium Shopper,150,Beverages,420,25,10500
487,Premium Shopper,177,Beverages,717,20,14340
192,Premium Shopper,111,Dairy,490,49,24010
447,Budget Shopper,119,Vegetables,237,22,5214
69,Premium Shopper,152,Beverages,944,21,19824
278,Premium Shopper,187,Beverages,948,33,31284
349,Regular Shopper,142,Dairy,847,38,32186
247,Premium Shopper,197,Snacks,748,15,11220
451,Premium Shopper,188,Beverages,651,46,29946
76,Premium Shopper,149,Fruits,970,15,14550
154,Budget Shopper,128,Fruits,925,46,42550
144,Regular Shopper,156,Snacks,194,25,4850
435,Premium Shopper,138,Vegetables,42,21,882
485,Premium Shopper,194,Dairy,744,24,17856
86,Regular Shopper,155,Fruits,936,5,4680
185,Premium Shopper,142,Fruits,254,6,1524
285,Budget Shopper,149,Snacks,32,49,1568
462,Premium Shopper,122,Vegetables,120,43,5160
220,Budget Shopper,143,Vegetables,948,48,45504
69,Budget Shopper,137,Snacks,555,44,24420
47,Premium Shopper,183,Fruits,895,47,42065
497,Regular Shopper,122,Dairy,542,23,12466
94,Budget Shopper,144,Fruits,804,4,3216
238,Regular Shopper,151,Vegetables,471,27,12717
446,Premium Shopper,179,Fruits,450,18,8100
500,Budget Shopper,149,Dairy,812,21,17052
453,Premium Shopper,107,Beverages,625,28,17500
204,Regular Shopper,184,Fruits,732,35,25620
400,Premium Shopper,100,Snacks,552,22,12144
218,Premium Shopper,107,Beverages,871,40,34840
474,Budget Shopper,128,Snacks,998,23,22954
432,Premium Shopper,195,Snacks,742,3,2226
341,Premium Shopper,104,Snacks,671,40,26840
39,Premium Shopper,185,Fruits,312,10,3120
100,Budget Shopper,146,Vegetables,829,25,20725
289,Regular Shopper,133,Beverages,932,49,45668
254,Regular Shopper,164,Dairy,120,8,960
222,Premium Shopper,154,Vegetables,521,11,5731
357,Budget Shopper,189,Fruits,323,5,1615
23,Premium Shopper,142,Snacks,890,45,40050
250,Regular Shopper,173,Dairy,559,37,20683
10,Budget Shopper,129,Beverages,572,45,25740
246,Regular Shopper,181,Vegetables,374,38,14212
325,Regular Shopper,116,Vegetables,322,29,9338
100,Budget Shopper,125,Dairy,515,5,2575
290,Budget Shopper,107,Fruits,677,9,6093
180,Premium Shopper,146,Beverages,787,48,37776
223,Premium Shopper,175,Dairy,993,2,1986
394,Regular Shopper,190,Snacks,246,1,246
250,Budget Shopper,171,Beverages,255,40,10200
147,Budget Shopper,188,Vegetables,892,30,26760
442,Premium Shopper,145,Dairy,911,11,10021
96,Regular Shopper,167,Vegetables,474,28,13272
257,Regular Shopper,132,Vegetables,32,44,1408
325,Premium Shopper,100,Vegetables,229,12,2748
493,Budget Shopper,118,Fruits,760,39,29640
4,Premium Shopper,130,Vegetables,416,26,10816
16,Premium Shopper,179,Snacks,119,13,1547
280,Premium Shopper,113,Snacks,50,8,400
336,Premium Shopper,152,Beverages,917,28,25676
247,Budget Shopper,147,Vegetables,547,30,16410
258,Premium Shopper,168,Vegetables,668,9,6012
497,Budget Shopper,189,Dairy,348,39,13572
476,Premium Shopper,161,Fruits,185,31,5735
384,Regular Shopper,191,Beverages,478,21,10038
160,Budget Shopper,165,Vegetables,841,47,39527
475,Regular Shopper,163,Dairy,971,34,33014
340,Premium Shopper,169,Fruits,119,31,3689
152,Premium Shopper,162,Beverages,640,25,16000
396,Premium Shopper,172,Beverages,874,12,10488
178,Budget Shopper,132,Vegetables,192,1,192
163,Regular Shopper,140,Beverages,768,22,16896
380,Budget Shopper,188,Dairy,181,40,7240
33,Budget Shopper,147,Beverages,924,37,34188
417,Premium Shopper,112,Snacks,747,47,35109
445,Regular Shopper,172,Dairy,795,1,795
179,Premium Shopper,176,Fruits,282,1,282
427,Budget Shopper,130,Fruits,823,42,34566
101,Premium Shopper,174,Vegetables,293,42,12306
268,Regular Shopper,167,Vegetables,22,21,462
323,Premium Shopper,197,Snacks,47,15,705
65,Regular Shopper,103,Fruits,345,17,5865
417,Regular Shopper,118,Fruits,959,22,21098
168,Premium Shopper,169,Fruits,168,38,6384
330,Budget Shopper,197,Fruits,559,35,19565
43,Premium Shopper,181,Beverages,507,45,22815
44,Budget Shopper,112,Dairy,841,16,13456
285,Budget Shopper,122,Dairy,457,8,3656
397,Premium Shopper,182,Snacks,84,47,3948
12,Budget Shopper,174,Beverages,375,17,6375
95,Budget Shopper,100,Fruits,552,17,9384
302,Premium Shopper,187,Fruits,271,26,7046
386,Premium Shopper,153,Vegetables,254,13,3302
253,Premium Shopper,170,Vegetables,246,17,4182
499,Budget Shopper,188,Snacks,544,38,20672
242,Regular Shopper,184,Fruits,332,17,5644
35,Budget Shopper,114,Snacks,68,48,3264
215,Regular Shopper,164,Beverages,137,14,1918
337,Premium Shopper,175,Dairy,73,45,3285
90,Regular Shopper,170,Fruits,669,6,4014
264,Premium Shopper,114,Beverages,584,35,20440
93,Premium Shopper,120,Fruits,63,46,2898
410,Regular Shopper,118,Vegetables,834,14,11676
458,Premium Shopper,159,Snacks,72,47,3384
90,Regular Shopper,192,Vegetables,605,8,4840
418,Premium Shopper,188,Dairy,577,15,8655
115,Budget Shopper,132,Vegetables,544,27,14688
105,Budget Shopper,148,Fruits,696,13,9048
391,Premium Shopper,195,Vegetables,121,49,5929
196,Premium Shopper,134,Fruits,811,31,25141
314,Regular Shopper,143,Dairy,789,35,27615
114,Budget Shopper,189,Vegetables,868,6,5208
493,Regular Shopper,110,Snacks,887,5,4435
75,Premium Shopper,198,Snacks,417,22,9174
413,Premium Shopper,171,Snacks,157,49,7693
376,Regular Shopper,177,Vegetables,694,23,15962
420,Premium Shopper,173,Vegetables,940,25,23500
217,Budget Shopper,165,Vegetables,406,34,13804
277,Regular Shopper,145,Fruits,130,26,3380
249,Budget Shopper,108,Dairy,633,47,29751
164,Budget Shopper,102,Snacks,36,5,180
394,Budget Shopper,184,Fruits,799,26,20774
357,Regular Shopper,125,Snacks,201,20,4020
457,Premium Shopper,171,Fruits,903,6,5418
408,Budget Shopper,147,Vegetables,555,6,3330
192,Budget Shopper,165,Snacks,560,18,10080
227,Budget Shopper,169,Vegetables,190,4,760
177,Premium Shopper,127,Snacks,428,17,7276
99,Premium Shopper,192,Beverages,759,14,10626
496,Regular Shopper,125,Fruits,397,14,5558
36,Premium Shopper,124,Beverages,207,13,2691
466,Regular Shopper,111,Fruits,877,7,6139
497,Regular Shopper,104,Dairy,249,44,10956
487,Regular Shopper,197,Snacks,852,15,12780
96,Regular Shopper,147,Dairy,871,19,16549
152,Regular Shopper,136,Dairy,138,43,5934
151,Budget Shopper,178,Fruits,175,47,8225
190,Premium Shopper,143,Beverages,803,44,35332
224,Budget Shopper,199,Vegetables,706,35,24710
37,Regular Shopper,114,Fruits,484,17,8228
268,Premium Shopper,142,Vegetables,123,35,4305
369,Budget Shopper,147,Dairy,623,19,11837
183,Budget Shopper,186,Vegetables,717,20,14340
13,Regular Shopper,169,Beverages,991,36,35676
279,Budget Shopper,145,Fruits,814,35,28490
217,Budget Shopper,142,Beverages,521,32,16672
355,Budget Shopper,120,Beverages,712,48,34176
361,Budget Shopper,122,Fruits,701,44,30844
286,Budget Shopper,179,Beverages,718,40,28720
273,Regular Shopper,146,Snacks,194,24,4656
369,Regular Shopper,114,Snacks,753,17,12801
62,Budget Shopper,124,Snacks,764,7,5348
84,Regular Shopper,135,Vegetables,693,43,29799
368,Regular Shopper,174,Beverages,440,1,440
217,Premium Shopper,150,Fruits,153,35,5355
342,Budget Shopper,114,Fruits,410,32,13120
397,Regular Shopper,167,Vegetables,755,36,27180
187,Regular Shopper,120,Fruits,520,13,6760
19,Budget Shopper,112,Snacks,684,6,4104
177,Premium Shopper,185,Beverages,52,14,728
100,Budget Shopper,118,Fruits,74,37,2738
396,Premium Shopper,133,Fruits,973,48,46704
445,Budget Shopper,177,Dairy,538,15,8070
233,Budget Shopper,167,Dairy,775,47,36425
403,Budget Shopper,151,Dairy,844,4,3376
76,Budget Shopper,126,Beverages,657,40,26280
265,Premium Shopper,128,Snacks,31,16,496
455,Premium Shopper,127,Snacks,547,28,15316
284,Regular Shopper,134,Snacks,739,16,11824
206,Budget Shopper,107,Beverages,574,4,2296
223,Premium Shopper,115,Beverages,392,45,17640
384,Premium Shopper,135,Dairy,503,26,13078
52,Premium Shopper,129,Fruits,992,28,27776
339,Budget Shopper,117,Vegetables,666,32,21312
367,Regular Shopper,101,Vegetables,247,45,11115
144,Premium Shopper,148,Fruits,642,2,1284
373,Budget Shopper,176,Dairy,326,31,10106
69,Premium Shopper,103,Fruits,476,3,1428
99,Premium Shopper,189,Fruits,179,8,1432
396,Regular Shopper,188,Vegetables,350,24,8400
25,Premium Shopper,193,Dairy,795,15,11925
436,Premium Shopper,174,Beverages,244,43,10492
379,Budget Shopper,106,Vegetables,748,31,23188
469,Budget Shopper,194,Beverages,523,9,4707
484,Regular Shopper,173,Dairy,475,39,18525
53,Budget Shopper,138,Fruits,64,45,2880
151,Budget Shopper,112,Snacks,233,2,466
144,Regular Shopper,130,Snacks,78,8,624
57,Premium Shopper,170,Dairy,663,7,4641
39,Regular Shopper,162,Snacks,635,44,27940
109,Budget Shopper,155,Beverages,214,39,8346
181,Regular Shopper,141,Snacks,944,42,39648
42,Premium Shopper,160,Dairy,508,16,8128
186,Regular Shopper,141,Dairy,176,35,6160
423,Budget Shopper,155,Beverages,629,30,18870
398,Budget Shopper,135,Snacks,245,10,2450
223,Regular Shopper,183,Snacks,431,38,16378
122,Premium Shopper,167,Fruits,224,18,4032
133,Regular Shopper,106,Vegetables,98,5,490
163,Premium Shopper,153,Dairy,143,29,4147
215,Premium Shopper,100,Fruits,490,39,19110
221,Regular Shopper,143,Dairy,959,34,32606
235,Premium Shopper,144,Fruits,237,43,10191
331,Budget Shopper,146,Vegetables,535,45,24075
146,Regular Shopper,112,Fruits,621,23,14283
239,Premium Shopper,121,Dairy,123,5,615
76,Budget Shopper,120,Snacks,412,30,12360
9,Regular Shopper,185,Dairy,650,6,3900
74,Budget Shopper,191,Beverages,664,46,30544
442,Budget Shopper,108,Beverages,843,44,37092
492,Budget Shopper,125,Beverages,627,4,2508
401,Premium Shopper,108,Beverages,999,29,28971
253,Regular Shopper,114,Vegetables,453,23,10419
230,Regular Shopper,109,Snacks,350,6,2100
7,Premium Shopper,187,Snacks,162,32,5184
174,Regular Shopper,141,Dairy,819,42,34398
141,Budget Shopper,171,Fruits,559,18,10062
168,Regular Shopper,123,Dairy,297,15,4455
170,Premium Shopper,179,Dairy,252,40,10080
393,Budget Shopper,148,Dairy,548,32,17536
434,Premium Shopper,125,Dairy,590,9,5310
283,Budget Shopper,190,Snacks,109,37,4033
122,Budget Shopper,136,Fruits,511,10,5110
194,Regular Shopper,167,Dairy,218,20,4360
5,Budget Shopper,149,Snacks,381,6,2286
29,Premium Shopper,123,Dairy,460,48,22080
165,Regular Shopper,118,Beverages,45,3,135
422,Premium Shopper,199,Dairy,44,42,1848
339,Budget Shopper,159,Dairy,413,11,4543
136,Premium Shopper,138,Vegetables,526,43,22618
496,Premium Shopper,173,Beverages,320,17,5440
365,Budget Shopper,188,Fruits,358,32,11456
321,Regular Shopper,117,Dairy,286,4,1144
342,Premium Shopper,118,Fruits,480,4,1920
500,Budget Shopper,135,Beverages,712,17,12104
145,Regular Shopper,173,Dairy,475,41,19475
327,Regular Shopper,196,Vegetables,379,19,7201
217,Regular Shopper,154,Snacks,87,5,435
301,Premium Shopper,168,Vegetables,882,32,28224
132,Premium Shopper,146,Vegetables,431,22,9482
292,Premium Shopper,148,Snacks,990,6,5940
70,Regular Shopper,198,Snacks,510,35,17850
252,Premium Shopper,197,Snacks,852,22,18744
415,Budget Shopper,132,Dairy,68,1,68
275,Premium Shopper,120,Fruits,706,20,14120
445,Premium Shopper,180,Fruits,583,22,12826
364,Regular Shopper,121,Snacks,121,48,5808
182,Premium Shopper,147,Vegetables,235,11,2585
167,Budget Shopper,136,Beverages,457,13,5941
91,Regular Shopper,114,Snacks,719,42,30198
202,Budget Shopper,134,Vegetables,588,3,1764
346,Regular Shopper,191,Vegetables,578,9,5202
19,Regular Shopper,170,Dairy,178,12,2136
39,Premium Shopper,131,Dairy,508,23,11684
126,Budget Shopper,110,Fruits,705,14,9870
451,Regular Shopper,109,Fruits,261,33,8613
173,Premium Shopper,172,Beverages,813,18,14634
141,Regular Shopper,177,Beverages,772,49,37828
242,Regular Shopper,176,Beverages,901,41,36941
220,Regular Shopper,156,Beverages,24,9,216
126,Regular Shopper,124,Vegetables,615,23,14145
58,Regular Shopper,101,Vegetables,839,10,8390
148,Regular Shopper,163,Fruits,380,19,7220
476,Premium Shopper,134,Dairy,478,47,22466
456,Regular Shopper,106,Dairy,267,5,1335
317,Budget Shopper,184,Snacks,585,47,27495
383,Premium Shopper,117,Vegetables,692,23,15916
361,Budget Shopper,166,Beverages,965,30,28950
423,Regular Shopper,141,Beverages,441,25,11025
1,Budget Shopper,138,Snacks,942,28,26376
387,Regular Shopper,140,Dairy,757,34,25738
461,Regular Shopper,174,Beverages,34,45,1530
348,Premium Shopper,123,Dairy,755,48,36240
190,Premium Shopper,159,Snacks,592,47,27824
191,Regular Shopper,145,Dairy,141,25,3525
369,Premium Shopper,118,Dairy,296,10,2960
409,Budget Shopper,167,Dairy,577,14,8078
312,Premium Shopper,189,Beverages,472,42,19824
417,Premium Shopper,141,Fruits,409,46,18814
422,Budget Shopper,131,Vegetables,313,30,9390
117,Premium Shopper,138,Dairy,593,41,24313
134,Regular Shopper,135,Dairy,617,25,15425
58,Budget Shopper,196,Dairy,465,14,6510
44,Regular Shopper,135,Fruits,229,35,8015
173,Budget Shopper,102,Snacks,609,48,29232
160,Regular Shopper,172,Beverages,733,34,24922
173,Regular Shopper,107,Fruits,321,10,3210
317,Premium Shopper,196,Dairy,928,35,32480
303,Regular Shopper,169,Fruits,242,11,2662
149,Premium Shopper,140,Fruits,753,11,8283
80,Budget Shopper,167,Fruits,22,21,462
374,Regular Shopper,112,Snacks,537,21,11277
213,Regular Shopper,148,Vegetables,112,22,2464
203,Budget Shopper,159,Beverages,539,45,24255
252,Budget Shopper,101,Snacks,447,7,3129
229,Regular Shopper,159,Snacks,512,17,8704
164,Budget Shopper,104,Vegetables,254,2,508
227,Premium Shopper,143,Snacks,639,12,7668
147,Budget Shopper,126,Fruits,180,42,7560
20,Budget Shopper,131,Fruits,740,18,13320
441,Regular Shopper,120,Dairy,771,11,8481
402,Premium Shopper,107,Snacks,350,16,5600
47,Budget Shopper,171,Dairy,352,49,17248
233,Premium Shopper,149,Beverages,69,18,1242
305,Premium Shopper,166,Fruits,542,35,18970
14,Premium Shopper,143,Beverages,882,26,22932
143,Regular Shopper,157,Vegetables,687,16,10992
415,Budget Shopper,102,Fruits,511,6,3066
1,Regular Shopper,185,Beverages,601,44,26444
373,Budget Shopper,169,Vegetables,700,43,30100
54,Budget Shopper,101,Beverages,291,47,13677
374,Regular Shopper,186,Vegetables,599,47,28153
259,Premium Shopper,143,Vegetables,886,48,42528
144,Premium Shopper,101,Fruits,271,42,11382
471,Budget Shopper,180,Dairy,579,12,6948
441,Regular Shopper,134,Vegetables,715,13,9295
459,Premium Shopper,197,Vegetables,851,4,3404
12,Premium Shopper,186,Fruits,718,39,28002
330,Budget Shopper,129,Dairy,109,2,218
224,Budget Shopper,107,Snacks,465,26,12090
272,Regular Shopper,121,Snacks,351,27,9477
456,Budget Shopper,143,Dairy,158,27,4266
358,Premium Shopper,157,Beverages,376,15,5640
460,Premium Shopper,135,Fruits,620,8,4960
408,Premium Shopper,168,Dairy,293,7,2051
156,Premium Shopper,176,Snacks,38,47,1786
373,Regular Shopper,192,Vegetables,330,46,15180
8,Regular Shopper,130,Snacks,889,40,35560
122,Budget Shopper,146,Vegetables,905,12,10860
348,Budget Shopper,154,Fruits,997,13,12961
164,Budget Shopper,179,Vegetables,173,43,7439
90,Regular Shopper,161,Dairy,409,17,6953
136,Premium Shopper,129,Vegetables,279,17,4743
186,Budget Shopper,154,Beverages,639,36,23004
316,Premium Shopper,115,Dairy,902,21,18942
178,Budget Shopper,111,Fruits,816,8,6528
28,Budget Shopper,116,Dairy,590,5,2950
220,Budget Shopper,115,Beverages,144,26,3744
357,Budget Shopper,111,Fruits,373,16,5968
41,Budget Shopper,107,Snacks,292,36,10512
228,Premium Shopper,183,Beverages,638,28,17864
192,Budget Shopper,102,Fruits,830,29,24070
411,Premium Shopper,115,Vegetables,264,47,12408
447,Regular Shopper,129,Dairy,867,12,10404
145,Budget Shopper,122,Fruits,469,37,17353
201,Premium Shopper,191,Dairy,949,30,28470
417,Regular Shopper,104,Vegetables,266,23,6118
212,Regular Shopper,183,Fruits,539,16,8624
461,Regular Shopper,164,Snacks,160,14,2240
220,Premium Shopper,129,Beverages,381,10,3810
240,Budget Shopper,120,Fruits,27,7,189
413,Budget Shopper,183,Vegetables,497,45,22365
397,Premium Shopper,169,Fruits,371,37,13727
46,Budget Shopper,121,Dairy,514,29,14906
35,Premium Shopper,181,Fruits,625,3,1875
253,Budget Shopper,171,Snacks,852,15,12780
390,Regular Shopper,131,Fruits,446,36,16056
82,Budget Shopper,132,Beverages,58,47,2726
371,Premium Shopper,115,Fruits,612,46,28152
256,Premium Shopper,175,Dairy,206,19,3914
197,Regular Shopper,137,Fruits,615,13,7995
303,Premium Shopper,197,Snacks,619,42,25998
409,Budget Shopper,113,Vegetables,773,21,16233
450,Budget Shopper,135,Fruits,873,37,32301
10,Regular Shopper,196,Fruits,112,27,3024
312,Premium Shopper,122,Beverages,105,29,3045
286,Regular Shopper,165,Snacks,63,20,1260
242,Budget Shopper,184,Vegetables,156,25,3900
251,Regular Shopper,101,Dairy,440,6,2640
365,Premium Shopper,190,Fruits,93,36,3348
5,Regular Shopper,172,Vegetables,567,2,1134
119,Premium Shopper,164,Dairy,632,22,13904
289,Premium Shopper,174,Snacks,531,32,16992
374,Budget Shopper,166,Snacks,175,16,2800
65,Budget Shopper,151,Vegetables,957,18,17226
146,Budget Shopper,161,Dairy,274,5,1370
224,Premium Shopper,122,Snacks,190,36,6840
239,Regular Shopper,125,Vegetables,747,30,22410
177,Premium Shopper,167,Snacks,189,45,8505
267,Budget Shopper,181,Snacks,783,19,14877
341,Budget Shopper,154,Snacks,891,23,20493
282,Regular Shopper,105,Beverages,341,34,11594
63,Budget Shopper,134,Dairy,586,13,7618
217,Budget Shopper,121,Vegetables,475,43,20425
342,Budget Shopper,142,Vegetables,963,29,27927
315,Regular Shopper,114,Dairy,622,36,22392
283,Premium Shopper,185,Dairy,809,22,17798
177,Budget Shopper,159,Dairy,632,47,29704
461,Regular Shopper,111,Dairy,174,36,6264
417,Budget Shopper,148,Fruits,908,9,8172
98,Regular Shopper,141,Vegetables,368,39,14352
105,Budget Shopper,137,Fruits,470,19,8930
99,Regular Shopper,181,Snacks,895,38,34010
385,Budget Shopper,144,Snacks,672,6,4032
405,Premium Shopper,134,Vegetables,192,47,9024
496,Budget Shopper,129,Snacks,29,15,435
311,Regular Shopper,187,Dairy,759,20,15180
6,Budget Shopper,129,Fruits,284,9,2556
476,Premium Shopper,177,Dairy,457,32,14624
465,Budget Shopper,105,Snacks,779,4,3116
197,Regular Shopper,166,Fruits,266,18,4788
351,Regular Shopper,179,Dairy,686,5,3430
133,Premium Shopper,106,Vegetables,565,20,11300
358,Regular Shopper,151,Dairy,518,23,11914
259,Budget Shopper,113,Snacks,148,11,1628
437,Budget Shopper,172,Fruits,691,37,25567
23,Budget Shopper,114,Vegetables,620,22,13640
485,Regular Shopper,120,Fruits,624,4,2496
53,Budget Shopper,134,Vegetables,346,29,10034
165,Budget Shopper,165,Fruits,772,44,33968
202,Budget Shopper,190,Snacks,854,34,29036
458,Premium Shopper,101,Vegetables,999,13,12987
83,Regular Shopper,134,Beverages,423,42,17766
145,Regular Shopper,181,Fruits,648,9,5832
85,Regular Shopper,177,Fruits,625,42,26250
78,Premium Shopper,119,Dairy,694,31,21514
457,Regular Shopper,181,Vegetables,630,7,4410
366,Premium Shopper,109,Beverages,644,4,2576
1,Premium Shopper,124,Snacks,378,19,7182
51,Regular Shopper,165,Dairy,622,42,26124
173,Budget Shopper,124,Beverages,877,30,26310
205,Budget Shopper,153,Vegetables,737,31,22847
260,Regular Shopper,132,Beverages,36,35,1260
446,Regular Shopper,135,Fruits,293,21,6153
449,Premium Shopper,194,Fruits,704,31,21824
369,Regular Shopper,113,Dairy,135,19,2565
488,Premium Shopper,164,Vegetables,880,31,27280
288,Regular Shopper,179,Vegetables,999,32,31968
34,Budget Shopper,153,Beverages,712,2,1424
348,Budget Shopper,151,Dairy,110,10,1100
95,Regular Shopper,102,Vegetables,101,2,202
72,Premium Shopper,198,Fruits,343,2,686
39,Budget Shopper,140,Beverages,980,24,23520
154,Premium Shopper,105,Snacks,133,17,2261
250,Regular Shopper,124,Fruits,788,32,25216
162,Regular Shopper,112,Dairy,77,16,1232
438,Budget Shopper,197,Vegetables,173,16,2768
118,Regular Shopper,107,Fruits,896,46,41216
259,Budget Shopper,120,Snacks,423,39,16497
379,Premium Shopper,197,Snacks,647,31,20057
306,Budget Shopper,167,Dairy,874,43,37582
268,Budget Shopper,124,Fruits,285,24,6840
449,Premium Shopper,178,Beverages,334,1,334
54,Budget Shopper,167,Fruits,734,11,8074
236,Budget Shopper,144,Snacks,60,21,1260
389,Regular Shopper,159,Dairy,124,4,496
478,Premium Shopper,111,Dairy,920,7,6440
222,Budget Shopper,131,Beverages,909,26,23634
251,Premium Shopper,195,Dairy,212,47,9964
313,Premium Shopper,191,Dairy,420,12,5040
401,Budget Shopper,112,Dairy,297,31,9207
112,Regular Shopper,130,Dairy,373,17,6341
255,Premium Shopper,177,Dairy,768,33,25344
303,Budget Shopper,119,Snacks,956,11,10516
407,Premium Shopper,117,Fruits,752,28,21056
207,Regular Shopper,192,Vegetables,599,32,19168
229,Regular Shopper,159,Dairy,728,1,728
341,Regular Shopper,162,Vegetables,275,47,12925
398,Budget Shopper,105,Vegetables,670,28,18760
66,Budget Shopper,131,Snacks,843,42,35406
75,Regular Shopper,192,Dairy,966,7,6762
435,Budget Shopper,142,Vegetables,680,2,1360
103,Regular Shopper,101,Dairy,118,42,4956
422,Budget Shopper,159,Beverages,607,24,14568
192,Regular Shopper,122,Beverages,301,4,1204
252,Premium Shopper,182,Beverages,902,44,39688
226,Regular Shopper,130,Vegetables,422,19,8018
294,Regular Shopper,104,Beverages,128,26,3328
306,Budget Shopper,182,Snacks,719,11,7909
98,Budget Shopper,133,Snacks,218,40,8720
338,Budget Shopper,109,Vegetables,322,43,13846
286,Budget Shopper,188,Dairy,346,11,3806
335,Budget Shopper,101,Fruits,173,45,7785
347,Budget Shopper,110,Dairy,571,3,1713
435,Premium Shopper,149,Dairy,664,12,7968
447,Regular Shopper,130,Dairy,424,3,1272
482,Regular Shopper,155,Dairy,481,42,20202
308,Regular Shopper,178,Fruits,151,27,4077
249,Premium Shopper,172,Beverages,810,49,39690
166,Regular Shopper,186,Dairy,893,2,1786
481,Premium Shopper,182,Snacks,103,49,5047
472,Premium Shopper,108,Vegetables,418,16,6688
335,Premium Shopper,198,Vegetables,773,2,1546
30,Regular Shopper,120,Snacks,647,30,19410
247,Premium Shopper,172,Dairy,128,20,2560
106,Regular Shopper,127,Fruits,240,38,9120
51,Regular Shopper,161,Beverages,923,28,25844
81,Budget Shopper,106,Vegetables,572,25,14300
133,Budget Shopper,179,Beverages,387,32,12384
285,Premium Shopper,115,Fruits,166,10,1660
388,Premium Shopper,196,Vegetables,131,42,5502
138,Regular Shopper,103,Beverages,634,40,25360
184,Premium Shopper,103,Fruits,577,33,19041
401,Premium Shopper,139,Beverages,943,13,12259
330,Regular Shopper,116,Dairy,513,41,21033
273,Premium Shopper,151,Fruits,524,42,22008
340,Premium Shopper,192,Beverages,494,47,23218
472,Regular Shopper,151,Dairy,855,37,31635
69,Regular Shopper,135,Dairy,909,16,14544
34,Budget Shopper,137,Fruits,290,45,13050
262,Regular Shopper,149,Snacks,440,22,9680
53,Budget Shopper,162,Vegetables,916,20,18320
450,Premium Shopper,162,Fruits,726,43,31218
205,Regular Shopper,161,Dairy,386,27,10422
126,Regular Shopper,198,Dairy,299,41,12259
235,Regular Shopper,106,Fruits,302,16,4832
43,Premium Shopper,126,Snacks,59,34,2006
240,Budget Shopper,191,Vegetables,978,32,31296
459,Premium Shopper,185,Beverages,208,26,5408
371,Premium Shopper,113,Fruits,183,25,4575
111,Regular Shopper,170,Vegetables,555,2,1110
249,Budget Shopper,185,Vegetables,555,12,6660
151,Premium Shopper,104,Dairy,23,40,920
183,Regular Shopper,154,Beverages,854,9,7686
336,Premium Shopper,101,Fruits,309,12,3708
95,Premium Shopper,161,Dairy,972,26,25272
459,Regular Shopper,190,Dairy,452,9,4068
374,Regular Shopper,120,Snacks,490,10,4900
400,Budget Shopper,178,Vegetables,200,32,6400
8,Premium Shopper,120,Fruits,267,34,9078
388,Regular Shopper,109,Fruits,647,48,31056
360,Regular Shopper,186,Fruits,298,20,5960
388,Budget Shopper,157,Dairy,896,39,34944
184,Budget Shopper,138,Snacks,600,2,1200
281,Regular Shopper,104,Beverages,882,1,882
195,Budget Shopper,164,Dairy,273,36,9828
352,Regular Shopper,112,Beverages,200,24,4800
195,Premium Shopper,184,Snacks,849,27,22923
155,Budget Shopper,189,Vegetables,700,2,1400
93,Premium Shopper,184,Fruits,844,31,26164
160,Premium Shopper,152,Beverages,528,14,7392
434,Premium Shopper,181,Dairy,780,2,1560
61,Regular Shopper,144,Beverages,719,29,20851
122,Premium Shopper,131,Vegetables,585,15,8775
51,Premium Shopper,135,Fruits,345,12,4140
403,Premium Shopper,180,Beverages,376,37,13912
277,Regular Shopper,198,Vegetables,844,28,23632
5,Premium Shopper,159,Dairy,669,20,13380
466,Premium Shopper,110,Snacks,699,39,27261
92,Budget Shopper,162,Dairy,410,24,9840
170,Regular Shopper,120,Fruits,634,21,13314
317,Premium Shopper,151,Dairy,953,10,9530
22,Budget Shopper,154,Dairy,104,46,4784
405,Regular Shopper,125,Dairy,336,14,4704
326,Regular Shopper,167,Dairy,231,37,8547
1,Regular Shopper,133,Fruits,534,18,9612
133,Regular Shopper,151,Vegetables,403,24,9672
233,Regular Shopper,181,Beverages,710,14,9940
12,Regular Shopper,198,Snacks,361,34,12274
346,Premium Shopper,192,Beverages,834,12,10008
46,Premium Shopper,151,Beverages,983,22,21626
34,Premium Shopper,128,Snacks,863,6,5178
433,Premium Shopper,137,Fruits,57,36,2052
78,Budget Shopper,141,Snacks,530,45,23850
218,Premium Shopper,120,Fruits,439,36,15804
301,Regular Shopper,141,Beverages,770,22,16940
411,Premium Shopper,112,Fruits,188,14,2632
73,Premium Shopper,163,Vegetables,984,16,15744
282,Regular Shopper,116,Snacks,928,36,33408
249,Premium Shopper,108,Vegetables,362,25,9050
47,Premium Shopper,140,Beverages,845,32,27040
121,Premium Shopper,100,Snacks,325,33,10725
214,Budget Shopper,101,Beverages,561,45,25245
239,Premium Shopper,159,Vegetables,721,36,25956
56,Regular Shopper,147,Beverages,888,20,17760
350,Regular Shopper,128,Snacks,556,18,10008
107,Premium Shopper,196,Snacks,131,38,4978
319,Premium Shopper,109,Beverages,430,3,1290
48,Premium Shopper,157,Snacks,966,23,22218
61,Regular Shopper,159,Snacks,225,32,7200
337,Regular Shopper,120,Beverages,204,45,9180
26,Budget Shopper,127,Vegetables,401,16,6416
292,Budget Shopper,174,Snacks,515,5,2575
257,Budget Shopper,133,Snacks,398,4,1592
8,Regular Shopper,107,Snacks,66,21,1386
113,Budget Shopper,158,Snacks,905,40,36200
355,Premium Shopper,185,Beverages,759,14,10626
253,Premium Shopper,171,Vegetables,570,39,22230
180,Regular Shopper,148,Vegetables,547,31,16957
207,Budget Shopper,178,Fruits,523,14,7322
303,Premium Shopper,116,Snacks,41,6,246
127,Regular Shopper,159,Snacks,232,12,2784
56,Budget Shopper,186,Fruits,329,16,5264
214,Premium Shopper,187,Vegetables,680,17,11560
14,Budget Shopper,144,Dairy,987,45,44415
474,Regular Shopper,182,Dairy,772,23,17756
28,Budget Shopper,168,Vegetables,291,14,4074
471,Regular Shopper,131,Snacks,590,7,4130
78,Budget Shopper,143,Dairy,818,46,37628
216,Premium Shopper,164,Beverages,957,32,30624
386,Regular Shopper,186,Beverages,221,15,3315
365,Regular Shopper,107,Fruits,51,44,2244
154,Regular Shopper,176,Vegetables,462,17,7854
14,Budget Shopper,171,Vegetables,181,41,7421
187,Budget Shopper,186,Dairy,786,47,36942
312,Premium Shopper,142,Snacks,273,44,12012
371,Regular Shopper,100,Vegetables,540,34,18360
7,Regular Shopper,150,Dairy,996,5,4980
3,Budget Shopper,123,Dairy,670,45,30150
111,Budget Shopper,198,Vegetables,499,27,13473
407,Premium Shopper,123,Dairy,29,23,667
238,Premium Shopper,116,Fruits,745,40,29800
363,Budget Shopper,104,Fruits,524,14,7336
239,Regular Shopper,119,Vegetables,804,15,12060
493,Premium Shopper,120,Snacks,855,43,36765
274,Budget Shopper,157,Fruits,579,33,19107
294,Budget Shopper,130,Fruits,455,31,14105
227,Regular Shopper,199,Vegetables,130,35,4550
371,Budget Shopper,110,Beverages,172,17,2924
15,Budget Shopper,151,Dairy,654,28,18312
192,Premium Shopper,114,Fruits,936,19,17784
473,Budget Shopper,182,Beverages,888,46,40848
119,Budget Shopper,106,Snacks,121,23,2783
485,Premium Shopper,127,Beverages,772,32,24704
28,Regular Shopper,150,Vegetables,852,40,34080
202,Regular Shopper,157,Snacks,210,13,2730
39,Premium Shopper,104,Snacks,748,20,14960
441,Premium Shopper,104,Beverages,582,35,20370
273,Regular Shopper,193,Vegetables,823,5,4115
231,Regular Shopper,195,Fruits,100,9,900
86,Regular Shopper,107,Beverages,508,29,14732
474,Regular Shopper,163,Fruits,914,6,5484
126,Regular Shopper,109,Beverages,107,25,2675
300,Premium Shopper,137,Fruits,213,31,6603
25,Budget Shopper,195,Beverages,123,22,2706
145,Regular Shopper,191,Snacks,802,2,1604
13,Regular Shopper,180,Dairy,115,45,5175
212,Budget Shopper,194,Snacks,442,5,2210
25,Budget Shopper,107,Fruits,910,27,24570
68,Budget Shopper,124,Vegetables,217,25,5425
394,Budget Shopper,172,Snacks,20,8,160
67,Budget Shopper,165,Dairy,426,1,426
233,Budget Shopper,178,Fruits,397,20,7940
109,Premium Shopper,149,Snacks,186,44,8184
146,Budget Shopper,166,Beverages,528,23,12144
111,Budget Shopper,148,Vegetables,657,32,21024
228,Premium Shopper,135,Fruits,332,11,3652
111,Budget Shopper,167,Snacks,612,39,23868
470,Regular Shopper,177,Fruits,437,47,20539
34,Regular Shopper,140,Beverages,782,24,18768
111,Budget Shopper,188,Dairy,700,11,7700
264,Premium Shopper,161,Snacks,496,29,14384
424,Regular Shopper,109,Fruits,92,26,2392
369,Premium Shopper,120,Fruits,160,16,2560
236,Regular Shopper,135,Fruits,601,35,21035
83,Budget Shopper,111,Dairy,281,20,5620
42,Premium Shopper,190,Fruits,359,46,16514
425,Premium Shopper,101,Vegetables,327,3,981
101,Premium Shopper,112,Vegetables,264,1,264
6,Regular Shopper,152,Fruits,534,47,25098
180,Regular Shopper,131,Vegetables,356,1,356
282,Regular Shopper,194,Snacks,594,17,10098
320,Budget Shopper,115,Vegetables,580,2,1160
226,Regular Shopper,131,Fruits,95,29,2755
443,Budget Shopper,131,Beverages,899,20,17980
440,Premium Shopper,197,Snacks,194,6,1164
315,Premium Shopper,110,Dairy,128,8,1024
365,Budget Shopper,109,Fruits,202,29,5858
454,Regular Shopper,114,Dairy,211,48,10128
229,Budget Shopper,116,Beverages,84,33,2772
377,Premium Shopper,139,Dairy,868,3,2604
289,Premium Shopper,117,Fruits,982,35,34370
437,Budget Shopper,154,Fruits,493,5,2465
150,Regular Shopper,172,Beverages,802,27,21654
277,Regular Shopper,124,Fruits,119,44,5236
198,Budget Shopper,158,Beverages,563,12,6756
70,Budget Shopper,177,Beverages,883,20,17660
112,Regular Shopper,188,Fruits,147,45,6615
4,Premium Shopper,121,Vegetables,471,20,9420
350,Budget Shopper,129,Beverages,933,9,8397
331,Regular Shopper,183,Fruits,388,39,15132
446,Regular Shopper,184,Vegetables,870,4,3480
318,Premium Shopper,143,Beverages,62,19,1178
350,Premium Shopper,131,Vegetables,903,38,34314
95,Premium Shopper,150,Snacks,438,27,11826
152,Premium Shopper,145,Snacks,507,45,22815
311,Premium Shopper,120,Vegetables,97,43,4171
137,Budget Shopper,198,Beverages,845,13,10985
247,Regular Shopper,131,Fruits,820,13,10660
387,Budget Shopper,193,Dairy,289,22,6358
243,Budget Shopper,138,Fruits,693,28,19404
31,Budget Shopper,111,Dairy,720,47,33840
40,Budget Shopper,146,Dairy,778,45,35010
229,Budget Shopper,117,Beverages,919,22,20218
36,Premium Shopper,120,Vegetables,747,43,32121
408,Premium Shopper,112,Fruits,334,19,6346
223,Regular Shopper,120,Vegetables,944,8,7552
6,Budget Shopper,107,Snacks,870,8,6960
322,Regular Shopper,145,Beverages,921,42,38682
468,Premium Shopper,106,Beverages,908,26,23608
220,Premium Shopper,122,Snacks,964,48,46272
75,Premium Shopper,195,Fruits,187,26,4862
4,Budget Shopper,174,Snacks,358,23,8234
335,Budget Shopper,185,Fruits,212,43,9116
134,Premium Shopper,121,Dairy,472,13,6136
118,Regular Shopper,188,Beverages,302,28,8456
369,Regular Shopper,121,Fruits,355,9,3195
94,Premium Shopper,191,Vegetables,409,20,8180
486,Regular Shopper,128,Vegetables,544,19,10336
435,Premium Shopper,112,Beverages,259,48,12432
62,Regular Shopper,181,Snacks,851,39,33189
441,Premium Shopper,101,Snacks,977,12,11724
194,Regular Shopper,128,Fruits,502,15,7530
335,Budget Shopper,184,Snacks,678,31,21018
203,Premium Shopper,178,Beverages,735,14,10290
392,Premium Shopper,151,Fruits,611,11,6721
26,Regular Shopper,126,Dairy,910,26,23660
435,Premium Shopper,149,Snacks,574,42,24108
173,Premium Shopper,194,Snacks,477,27,12879
300,Premium Shopper,178,Fruits,108,11,1188
133,Budget Shopper,122,Vegetables,679,38,25802
326,Budget Shopper,187,Snacks,114,34,3876
410,Regular Shopper,143,Beverages,471,43,20253
118,Budget Shopper,176,Snacks,447,19,8493
324,Regular Shopper,121,Dairy,170,6,1020
275,Budget Shopper,142,Snacks,533,46,24518
212,Regular Shopper,136,Vegetables,395,38,15010
225,Budget Shopper,160,Snacks,41,49,2009
20,Budget Shopper,196,Fruits,902,42,37884
113,Regular Shopper,155,Snacks,332,28,9296
140,Premium Shopper,102,Vegetables,859,1,859
47,Premium Shopper,162,Fruits,538,35,18830
1,Budget Shopper,118,Beverages,225,40,9000
90,Regular Shopper,122,Fruits,971,8,7768
142,Premium Shopper,128,Dairy,394,47,18518
320,Regular Shopper,129,Fruits,470,7,3290
38,Premium Shopper,138,Beverages,645,11,7095
293,Regular Shopper,124,Snacks,803,39,31317
382,Budget Shopper,107,Fruits,614,4,2456
139,Regular Shopper,157,Fruits,198,25,4950
356,Premium Shopper,115,Fruits,229,12,2748
333,Budget Shopper,171,Fruits,519,26,13494
491,Regular Shopper,100,Beverages,483,38,18354
259,Premium Shopper,104,Vegetables,859,46,39514
161,Budget Shopper,102,Vegetables,143,12,1716
390,Regular Shopper,164,Fruits,132,43,5676
178,Premium Shopper,103,Beverages,31,37,1147
10,Regular Shopper,198,Beverages,145,46,6670
261,Regular Shopper,195,Fruits,584,24,14016
407,Budget Shopper,163,Dairy,350,16,5600
138,Budget Shopper,197,Fruits,920,13,11960
172,Premium Shopper,188,Dairy,302,25,7550
386,Budget Shopper,109,Fruits,159,4,636
13,Premium Shopper,120,Dairy,420,11,4620
168,Regular Shopper,145,Dairy,921,32,29472
130,Regular Shopper,190,Fruits,116,49,5684
84,Premium Shopper,126,Dairy,536,7,3752
321,Regular Shopper,165,Snacks,588,46,27048
319,Budget Shopper,140,Vegetables,943,11,10373
101,Regular Shopper,112,Beverages,865,28,24220
329,Budget Shopper,108,Dairy,88,41,3608
273,Premium Shopper,135,Dairy,137,23,3151
265,Premium Shopper,185,Beverages,907,45,40815
459,Regular Shopper,189,Dairy,78,23,1794
399,Regular Shopper,157,Beverages,52,28,1456
408,Budget Shopper,153,Fruits,337,43,14491
38,Budget Shopper,111,Snacks,69,47,3243
419,Regular Shopper,180,Snacks,899,26,23374
94,Regular Shopper,177,Vegetables,508,25,12700
95,Premium Shopper,113,Dairy,38,29,1102
305,Premium Shopper,133,Vegetables,745,19,14155
69,Premium Shopper,152,Fruits,216,33,7128
318,Regular Shopper,119,Snacks,910,36,32760
444,Regular Shopper,174,Fruits,469,14,6566
236,Regular Shopper,115,Fruits,578,14,8092
434,Premium Shopper,194,Dairy,698,35,24430
334,Regular Shopper,169,Fruits,471,30,14130
373,Budget Shopper,155,Snacks,308,28,8624
376,Regular Shopper,182,Vegetables,160,17,2720
459,Regular Shopper,157,Snacks,103,3,309
137,Regular Shopper,103,Dairy,713,16,11408
418,Regular Shopper,103,Snacks,410,46,18860
76,Regular Shopper,119,Beverages,610,30,18300
483,Budget Shopper,109,Vegetables,234,29,6786
35,Budget Shopper,123,Beverages,545,45,24525
1,Regular Shopper,198,Beverages,234,15,3510
296,Premium Shopper,125,Dairy,422,46,19412
320,Regular Shopper,136,Fruits,147,25,3675
406,Regular Shopper,184,Beverages,841,38,31958
60,Regular Shopper,153,Snacks,496,42,20832
320,Premium Shopper,120,Fruits,779,47,36613
349,Premium Shopper,173,Snacks,423,38,16074
328,Premium Shopper,137,Snacks,48,23,1104
267,Budget Shopper,145,Fruits,811,25,20275
361,Premium Shopper,103,Fruits,357,42,14994
229,Budget Shopper,159,Snacks,850,7,5950
270,Budget Shopper,156,Dairy,733,22,16126
316,Premium Shopper,144,Vegetables,380,17,6460
286,Premium Shopper,119,Vegetables,588,18,10584
291,Premium Shopper,116,Dairy,411,49,20139
213,Budget Shopper,170,Fruits,237,41,9717
165,Regular Shopper,103,Snacks,593,10,5930
5,Premium Shopper,192,Vegetables,688,10,6880
339,Premium Shopper,113,Snacks,221,7,1547
379,Premium Shopper,102,Dairy,36,48,1728
78,Budget Shopper,187,Snacks,341,38,12958
410,Budget Shopper,179,Dairy,537,27,14499
62,Regular Shopper,157,Fruits,589,33,19437
132,Premium Shopper,154,Dairy,344,1,344
89,Budget Shopper,103,Dairy,431,44,18964
237,Regular Shopper,123,Vegetables,337,34,11458
42,Premium Shopper,133,Snacks,700,4,2800
89,Budget Shopper,129,Vegetables,984,17,16728
402,Premium Shopper,181,Beverages,101,4,404
296,Premium Shopper,118,Dairy,493,43,21199
328,Budget Shopper,130,Beverages,487,26,12662
295,Budget Shopper,159,Vegetables,444,4,1776
104,Budget Shopper,159,Snacks,964,1,964
14,Premium Shopper,118,Vegetables,750,7,5250
288,Premium Shopper,148,Snacks,708,30,21240
179,Regular Shopper,162,Snacks,223,9,2007
125,Premium Shopper,182,Fruits,602,35,21070
422,Budget Shopper,121,Dairy,406,8,3248
353,Premium Shopper,123,Vegetables,797,24,19128
23,Regular Shopper,175,Snacks,117,19,2223
63,Regular Shopper,129,Vegetables,364,36,13104
143,Budget Shopper,157,Vegetables,822,43,35346
481,Budget Shopper,130,Snacks,227,27,6129
153,Regular Shopper,199,Beverages,533,32,17056
145,Regular Shopper,163,Dairy,655,14,9170
225,Regular Shopper,118,Dairy,811,18,14598
495,Budget Shopper,147,Fruits,605,28,16940
450,Regular Shopper,144,Fruits,185,29,5365
462,Regular Shopper,199,Fruits,41,16,656
309,Budget Shopper,193,Dairy,173,35,6055
104,Premium Shopper,154,Beverages,958,47,45026
104,Premium Shopper,154,Dairy,458,31,14198
435,Regular Shopper,196,Dairy,314,4,1256
39,Premium Shopper,117,Dairy,238,37,8806
435,Premium Shopper,162,Dairy,688,17,11696
198,Premium Shopper,191,Beverages,514,39,20046
134,Premium Shopper,146,Fruits,249,48,11952
67,Regular Shopper,174,Vegetables,39,46,1794
391,Premium Shopper,156,Fruits,572,26,14872
179,Premium Shopper,144,Fruits,969,48,46512
456,Budget Shopper,132,Vegetables,167,39,6513
42,Regular Shopper,116,Dairy,127,41,5207
448,Budget Shopper,169,Beverages,422,4,1688
500,Budget Shopper,103,Beverages,615,30,18450
15,Regular Shopper,119,Fruits,502,30,15060
111,Premium Shopper,146,Vegetables,386,22,8492
157,Budget Shopper,190,Snacks,853,11,9383
289,Regular Shopper,114,Dairy,433,2,866
500,Premium Shopper,169,Fruits,328,44,14432
478,Regular Shopper,146,Beverages,821,12,9852
231,Budget Shopper,177,Vegetables,937,30,28110
411,Premium Shopper,174,Vegetables,854,36,30744
420,Premium Shopper,108,Fruits,153,18,2754
157,Regular Shopper,189,Snacks,738,26,19188
38,Premium Shopper,115,Beverages,302,7,2114
441,Budget Shopper,168,Fruits,797,1,797
97,Budget Shopper,160,Snacks,92,26,2392
485,Budget Shopper,109,Vegetables,500,23,11500
411,Regular Shopper,149,Dairy,371,26,9646
439,Premium Shopper,102,Beverages,579,45,26055
289,Premium Shopper,176,Beverages,345,6,2070
254,Premium Shopper,193,Snacks,764,6,4584
196,Budget Shopper,169,Fruits,462,44,20328
86,Premium Shopper,180,Vegetables,119,8,952
322,Budget Shopper,150,Snacks,78,24,1872
10,Premium Shopper,118,Dairy,527,22,11594
5,Budget Shopper,141,Dairy,277,19,5263
123,Premium Shopper,134,Dairy,432,37,15984
330,Regular Shopper,145,Snacks,471,18,8478
353,Regular Shopper,125,Vegetables,84,31,2604
118,Budget Shopper,168,Beverages,614,37,22718
294,Budget Shopper,192,Fruits,173,30,5190
397,Premium Shopper,163,Beverages,285,42,11970
159,Premium Shopper,136,Vegetables,840,33,27720
303,Regular Shopper,183,Beverages,98,10,980
228,Premium Shopper,148,Snacks,334,37,12358
365,Budget Shopper,120,Dairy,681,12,8172
216,Budget Shopper,173,Vegetables,966,30,28980
436,Budget Shopper,163,Vegetables,579,27,15633
184,Budget Shopper,104,Beverages,936,39,36504
15,Budget Shopper,199,Snacks,910,9,8190
157,Regular Shopper,169,Beverages,267,21,5607
136,Regular Shopper,189,Beverages,809,12,9708
261,Budget Shopper,103,Vegetables,887,29,25723
157,Premium Shopper,138,Beverages,629,33,20757
47,Budget Shopper,134,Dairy,433,43,18619
324,Regular Shopper,100,Beverages,44,15,660
332,Budget Shopper,123,Dairy,303,2,606
173,Regular Shopper,156,Vegetables,468,39,18252
130,Regular Shopper,199,Snacks,900,44,39600
411,Budget Shopper,169,Dairy,320,18,5760
95,Budget Shopper,140,Snacks,87,3,261
115,Premium Shopper,153,Snacks,26,7,182
243,Regular Shopper,145,Dairy,836,43,35948
420,Premium Shopper,159,Vegetables,156,18,2808
292,Budget Shopper,159,Fruits,183,44,8052
282,Regular Shopper,156,Snacks,102,38,3876
299,Premium Shopper,130,Snacks,916,37,33892
283,Premium Shopper,183,Vegetables,669,33,22077
69,Premium Shopper,123,Vegetables,439,44,19316
148,Budget Shopper,188,Beverages,92,31,2852
11,Budget Shopper,135,Vegetables,256,11,2816
254,Budget Shopper,184,Snacks,65,4,260
330,Regular Shopper,129,Dairy,637,18,11466
360,Budget Shopper,123,Fruits,947,4,3788
38,Regular Shopper,129,Beverages,819,49,40131
134,Premium Shopper,185,Dairy,281,34,9554
200,Premium Shopper,191,Fruits,195,29,5655
23,Budget Shopper,106,Fruits,185,24,4440
303,Premium Shopper,134,Fruits,676,22,14872
346,Budget Shopper,154,Dairy,861,2,1722
302,Regular Shopper,191,Beverages,389,44,17116
363,Premium Shopper,113,Beverages,814,6,4884
396,Budget Shopper,109,Fruits,73,42,3066
218,Premium Shopper,179,Dairy,709,25,17725
141,Premium Shopper,115,Fruits,438,21,9198
104,Budget Shopper,153,Vegetables,775,16,12400
446,Premium Shopper,194,Beverages,526,31,16306
210,Premium Shopper,188,Snacks,360,14,5040
473,Premium Shopper,176,Fruits,146,39,5694
481,Premium Shopper,169,Vegetables,428,28,11984
111,Regular Shopper,143,Beverages,943,32,30176
104,Premium Shopper,172,Dairy,386,28,10808
316,Premium Shopper,144,Beverages,290,49,14210
171,Budget Shopper,199,Dairy,663,9,5967
460,Regular Shopper,155,Dairy,624,45,28080
492,Budget Shopper,183,Fruits,398,22,8756
356,Budget Shopper,181,Fruits,92,32,2944
496,Budget Shopper,156,Beverages,942,5,4710
324,Regular Shopper,120,Vegetables,941,23,21643
133,Budget Shopper,167,Beverages,934,5,4670
376,Budget Shopper,149,Snacks,267,42,11214
293,Budget Shopper,132,Dairy,879,32,28128
328,Premium Shopper,190,Dairy,804,10,8040
127,Budget Shopper,106,Fruits,62,39,2418
106,Regular Shopper,169,Vegetables,396,15,5940
497,Regular Shopper,114,Fruits,60,7,420
92,Premium Shopper,181,Snacks,189,29,5481
287,Regular Shopper,131,Beverages,965,47,45355
378,Regular Shopper,174,Beverages,231,3,693
393,Premium Shopper,119,Vegetables,512,19,9728
51,Budget Shopper,187,Fruits,699,10,6990
29,Premium Shopper,114,Fruits,58,28,1624
462,Budget Shopper,147,Snacks,388,29,11252
296,Budget Shopper,170,Beverages,776,15,11640
297,Regular Shopper,120,Fruits,170,35,5950
214,Premium Shopper,141,Vegetables,130,6,780
267,Regular Shopper,125,Beverages,499,12,5988
407,Regular Shopper,113,Snacks,455,47,21385
257,Budget Shopper,156,Vegetables,66,38,2508
302,Regular Shopper,136,Dairy,594,13,7722
101,Premium Shopper,157,Snacks,756,29,21924
405,Regular Shopper,120,Vegetables,385,19,7315
346,Regular Shopper,181,Fruits,88,3,264
110,Budget Shopper,168,Dairy,318,8,2544
420,Premium Shopper,102,Snacks,963,8,7704
182,Regular Shopper,186,Fruits,821,20,16420
471,Budget Shopper,189,Dairy,315,47,14805
313,Regular Shopper,136,Beverages,222,4,888
1,Premium Shopper,187,Fruits,80,21,1680
319,Regular Shopper,148,Vegetables,965,3,2895
438,Regular Shopper,118,Snacks,982,45,44190
55,Budget Shopper,188,Dairy,849,8,6792
371,Regular Shopper,184,Fruits,333,23,7659
424,Budget Shopper,111,Beverages,180,16,2880
399,Premium Shopper,160,Snacks,350,13,4550
149,Regular Shopper,140,Snacks,547,3,1641
431,Premium Shopper,132,Fruits,357,48,17136
457,Premium Shopper,149,Beverages,625,9,5625
309,Regular Shopper,167,Dairy,323,14,4522
137,Budget Shopper,170,Fruits,522,13,6786
202,Premium Shopper,185,Dairy,669,7,4683
436,Premium Shopper,132,Snacks,357,15,5355
313,Regular Shopper,180,Dairy,569,7,3983
117,Regular Shopper,123,Beverages,658,38,25004
154,Regular Shopper,160,Vegetables,294,34,9996
425,Regular Shopper,160,Beverages,183,41,7503
291,Regular Shopper,197,Dairy,462,22,10164
63,Regular Shopper,127,Fruits,338,24,8112
244,Budget Shopper,157,Snacks,608,49,29792
25,Premium Shopper,142,Vegetables,523,37,19351
90,Budget Shopper,140,Fruits,705,44,31020
75,Budget Shopper,138,Fruits,406,1,406
294,Regular Shopper,185,Beverages,989,10,9890
386,Premium Shopper,148,Dairy,889,43,38227
391,Budget Shopper,116,Beverages,852,16,13632
210,Regular Shopper,197,Dairy,907,46,41722
475,Regular Shopper,169,Beverages,622,8,4976
418,Premium Shopper,169,Fruits,769,49,37681
347,Budget Shopper,197,Snacks,795,25,19875
17,Budget Shopper,164,Dairy,710,12,8520
128,Budget Shopper,173,Vegetables,513,25,12825
427,Regular Shopper,184,Vegetables,509,17,8653
443,Premium Shopper,104,Fruits,740,26,19240
364,Premium Shopper,101,Beverages,92,46,4232
251,Budget Shopper,121,Beverages,528,48,25344
179,Regular Shopper,156,Fruits,409,14,5726
182,Budget Shopper,165,Vegetables,638,41,26158
152,Premium Shopper,173,Vegetables,876,36,31536
25,Regular Shopper,197,Beverages,314,23,7222
455,Budget Shopper,115,Dairy,388,43,16684
180,Budget Shopper,150,Snacks,975,6,5850
198,Regular Shopper,138,Dairy,815,47,38305
344,Premium Shopper,185,Vegetables,884,5,4420
161,Regular Shopper,175,Dairy,713,43,30659
177,Budget Shopper,187,Snacks,568,25,14200
285,Budget Shopper,139,Dairy,668,18,12024
63,Budget Shopper,137,Dairy,869,13,11297
491,Budget Shopper,159,Dairy,587,43,25241
150,Premium Shopper,158,Dairy,206,14,2884
154,Premium Shopper,109,Fruits,872,28,24416
156,Budget Shopper,198,Vegetables,789,18,14202
370,Premium Shopper,163,Snacks,464,28,12992
469,Premium Shopper,162,Vegetables,589,27,15903
49,Premium Shopper,148,Fruits,382,32,12224
455,Budget Shopper,163,Fruits,142,47,6674
337,Regular Shopper,131,Fruits,207,9,1863
84,Regular Shopper,106,Fruits,761,40,30440
361,Regular Shopper,120,Dairy,699,32,22368
177,Budget Shopper,119,Vegetables,439,20,8780
148,Premium Shopper,125,Beverages,645,28,18060
118,Premium Shopper,167,Snacks,271,33,8943
342,Budget Shopper,185,Fruits,638,4,2552
476,Budget Shopper,114,Vegetables,568,46,26128
63,Regular Shopper,184,Fruits,354,34,12036
189,Regular Shopper,178,Fruits,111,48,5328
360,Budget Shopper,185,Fruits,549,3,1647
49,Regular Shopper,191,Fruits,885,26,23010
327,Premium Shopper,113,Fruits,82,8,656
257,Budget Shopper,126,Snacks,681,6,4086
224,Budget Shopper,139,Vegetables,531,16,8496
141,Premium Shopper,157,Fruits,158,24,3792
478,Premium Shopper,127,Fruits,717,48,34416
215,Premium Shopper,125,Fruits,204,39,7956
435,Regular Shopper,162,Fruits,224,30,6720
379,Budget Shopper,165,Dairy,791,45,35595
440,Regular Shopper,124,Dairy,233,13,3029
211,Premium Shopper,102,Beverages,275,5,1375
318,Regular Shopper,171,Fruits,154,25,3850
32,Premium Shopper,143,Beverages,592,20,11840
158,Regular Shopper,196,Snacks,894,18,16092
285,Regular Shopper,141,Beverages,841,47,39527
305,Premium Shopper,198,Vegetables,107,18,1926
429,Regular Shopper,105,Dairy,855,2,1710
477,Budget Shopper,138,Dairy,226,10,2260
286,Regular Shopper,151,Fruits,148,45,6660
144,Regular Shopper,122,Fruits,842,47,39574
424,Budget Shopper,188,Snacks,22,12,264
19,Premium Shopper,149,Snacks,993,47,46671
18,Budget Shopper,142,Vegetables,953,13,12389
257,Regular Shopper,118,Fruits,773,47,36331
78,Premium Shopper,168,Fruits,140,11,1540
371,Regular Shopper,150,Snacks,404,19,7676
175,Regular Shopper,110,Snacks,633,35,22155
498,Budget Shopper,111,Snacks,57,39,2223
194,Budget Shopper,173,Dairy,360,26,9360
476,Premium Shopper,107,Beverages,944,46,43424
113,Premium Shopper,123,Beverages,664,14,9296
114,Premium Shopper,191,Fruits,733,45,32985
222,Regular Shopper,140,Dairy,879,44,38676
166,Budget Shopper,135,Snacks,40,24,960
435,Budget Shopper,184,Fruits,261,41,10701
319,Budget Shopper,171,Dairy,474,1,474
132,Premium Shopper,154,Vegetables,982,43,42226
385,Budget Shopper,108,Dairy,640,22,14080
264,Budget Shopper,146,Fruits,322,23,7406
413,Budget Shopper,114,Beverages,615,19,11685
55,Premium Shopper,147,Snacks,614,18,11052
359,Budget Shopper,181,Vegetables,822,12,9864
131,Premium Shopper,141,Dairy,983,28,27524
288,Budget Shopper,159,Fruits,88,28,2464
266,Budget Shopper,183,Fruits,148,33,4884
458,Budget Shopper,169,Snacks,215,19,4085
467,Premium Shopper,111,Fruits,159,28,4452
366,Premium Shopper,101,Fruits,463,49,22687
162,Budget Shopper,106,Snacks,302,37,11174
380,Regular Shopper,179,Vegetables,331,26,8606
481,Premium Shopper,102,Beverages,765,35,26775
87,Premium Shopper,102,Beverages,554,34,18836
55,Budget Shopper,126,Dairy,684,35,23940
476,Regular Shopper,139,Vegetables,296,40,11840
288,Budget Shopper,132,Dairy,80,16,1280
178,Premium Shopper,191,Beverages,338,38,12844
391,Premium Shopper,100,Snacks,909,13,11817
349,Budget Shopper,107,Fruits,71,23,1633
8,Budget Shopper,131,Beverages,875,22,19250
321,Regular Shopper,147,Vegetables,172,16,2752
313,Regular Shopper,103,Beverages,768,28,21504
247,Premium Shopper,193,Vegetables,330,48,15840
323,Regular Shopper,169,Vegetables,833,35,29155
472,Regular Shopper,118,Vegetables,563,45,25335
471,Premium Shopper,131,Dairy,586,46,26956
443,Premium Shopper,108,Snacks,883,8,7064
255,Premium Shopper,111,Beverages,408,44,17952
328,Premium Shopper,110,Snacks,567,22,12474
54,Budget Shopper,145,Fruits,641,21,13461
249,Premium Shopper,115,Beverages,196,26,5096
239,Premium Shopper,100,Snacks,381,40,15240
229,Premium Shopper,162,Snacks,333,21,6993
67,Regular Shopper,120,Fruits,826,25,20650
51,Premium Shopper,129,Vegetables,867,41,35547
97,Budget Shopper,112,Beverages,116,1,116
92,Budget Shopper,133,Beverages,900,6,5400
495,Premium Shopper,103,Fruits,232,23,5336
264,Budget Shopper,127,Vegetables,848,23,19504
418,Regular Shopper,194,Beverages,156,43,6708
291,Premium Shopper,158,Beverages,25,43,1075
96,Budget Shopper,126,Beverages,128,23,2944
88,Budget Shopper,168,Vegetables,566,32,18112
78,Premium Shopper,124,Fruits,58,30,1740
288,Budget Shopper,102,Beverages,681,13,8853
120,Premium Shopper,196,Snacks,444,43,19092
302,Budget Shopper,167,Vegetables,649,18,11682
491,Regular Shopper,124,Dairy,280,23,6440
400,Budget Shopper,119,Fruits,445,15,6675
452,Budget Shopper,133,Snacks,106,33,3498
500,Premium Shopper,125,Beverages,484,21,10164
165,Budget Shopper,104,Dairy,95,39,3705
182,Premium Shopper,198,Fruits,490,23,11270
469,Regular Shopper,160,Vegetables,995,27,26865
398,Premium Shopper,191,Dairy,982,45,44190
223,Premium Shopper,192,Dairy,433,44,19052
311,Budget Shopper,108,Snacks,844,18,15192
432,Regular Shopper,149,Fruits,914,24,21936
466,Premium Shopper,105,Snacks,745,47,35015
7,Budget Shopper,182,Snacks,476,40,19040
330,Budget Shopper,159,Beverages,304,42,12768
263,Premium Shopper,143,Vegetables,258,7,1806
161,Budget Shopper,110,Dairy,696,48,33408
151,Premium Shopper,165,Fruits,618,20,12360
85,Premium Shopper,146,Vegetables,672,27,18144
147,Premium Shopper,172,Vegetables,691,6,4146
112,Regular Shopper,184,Fruits,577,27,15579
381,Premium Shopper,187,Vegetables,391,9,3519
403,Budget Shopper,197,Beverages,514,45,23130
36,Regular Shopper,185,Vegetables,643,31,19933
285,Budget Shopper,102,Beverages,938,21,19698
188,Regular Shopper,175,Dairy,64,26,1664
82,Regular Shopper,191,Dairy,420,40,16800
2,Regular Shopper,129,Snacks,266,48,12768
385,Regular Shopper,189,Beverages,635,45,28575
303,Budget Shopper,120,Dairy,616,13,8008
197,Premium Shopper,127,Vegetables,469,49,22981
404,Budget Shopper,189,Fruits,504,23,11592
11,Premium Shopper,161,Fruits,665,20,13300
234,Budget Shopper,132,Beverages,639,37,23643
386,Regular Shopper,184,Snacks,37,28,1036
195,Regular Shopper,134,Vegetables,625,17,10625
471,Premium Shopper,151,Beverages,681,28,19068
119,Premium Shopper,133,Fruits,777,41,31857
396,Budget Shopper,140,Beverages,308,2,616
20,Premium Shopper,150,Vegetables,433,25,10825
261,Budget Shopper,146,Dairy,740,41,30340
293,Premium Shopper,181,Vegetables,657,6,3942
422,Premium Shopper,157,Dairy,254,11,2794
256,Premium Shopper,174,Dairy,435,38,16530
222,Regular Shopper,156,Dairy,957,6,5742
393,Regular Shopper,122,Beverages,518,45,23310
226,Budget Shopper,147,Fruits,993,11,10923
53,Premium Shopper,121,Beverages,653,14,9142
428,Budget Shopper,116,Fruits,669,2,1338
355,Premium Shopper,168,Vegetables,134,40,5360
500,Regular Shopper,110,Snacks,951,3,2853
342,Regular Shopper,193,Vegetables,693,35,24255
364,Premium Shopper,114,Beverages,732,33,24156
280,Premium Shopper,190,Beverages,253,24,6072
81,Regular Shopper,134,Fruits,559,19,10621
202,Regular Shopper,132,Beverages,30,18,540
158,Budget Shopper,183,Dairy,225,49,11025
120,Regular Shopper,115,Beverages,698,24,16752
59,Premium Shopper,133,Fruits,266,45,11970
494,Budget Shopper,165,Fruits,578,35,20230
215,Premium Shopper,198,Dairy,777,1,777
128,Budget Shopper,139,Fruits,146,36,5256
224,Premium Shopper,127,Snacks,166,25,4150
209,Regular Shopper,146,Vegetables,137,45,6165
370,Premium Shopper,138,Beverages,930,49,45570
115,Budget Shopper,169,Snacks,401,43,17243
209,Premium Shopper,172,Beverages,431,34,14654
14,Budget Shopper,119,Snacks,683,25,17075
9,Premium Shopper,100,Beverages,603,16,9648
40,Regular Shopper,171,Dairy,382,34,12988
450,Regular Shopper,186,Fruits,528,29,15312
237,Premium Shopper,162,Fruits,156,19,2964
281,Premium Shopper,166,Dairy,194,23,4462
359,Premium Shopper,103,Snacks,308,19,5852
201,Budget Shopper,157,Vegetables,977,25,24425
246,Premium Shopper,124,Snacks,500,16,8000
278,Premium Shopper,146,Fruits,38,9,342
235,Budget Shopper,137,Vegetables,214,1,214
494,Regular Shopper,114,Beverages,349,42,14658
4,Premium Shopper,162,Vegetables,955,19,18145
154,Premium Shopper,120,Snacks,194,33,6402
442,Regular Shopper,198,Dairy,468,34,15912
29,Regular Shopper,156,Beverages,944,16,15104
109,Budget Shopper,152,Snacks,965,44,42460
98,Premium Shopper,145,Beverages,373,40,14920
215,Premium Shopper,113,Vegetables,518,18,9324
293,Budget Shopper,199,Fruits,160,34,5440
75,Regular Shopper,175,Snacks,777,25,19425
326,Budget Shopper,116,Dairy,916,45,41220
146,Regular Shopper,138,Vegetables,949,6,5694
128,Budget Shopper,108,Snacks,112,21,2352
341,Regular Shopper,198,Dairy,963,6,5778
42,Budget Shopper,176,Snacks,258,32,8256
356,Regular Shopper,178,Vegetables,224,41,9184
41,Regular Shopper,181,Snacks,579,48,27792
422,Regular Shopper,196,Beverages,452,43,19436
34,Regular Shopper,105,Vegetables,264,39,10296
17,Regular Shopper,190,Snacks,851,31,26381
165,Premium Shopper,122,Fruits,336,42,14112
153,Regular Shopper,158,Snacks,944,10,9440
486,Premium Shopper,190,Beverages,314,30,9420
378,Regular Shopper,197,Dairy,659,18,11862
76,Premium Shopper,145,Dairy,875,24,21000
87,Premium Shopper,137,Dairy,301,9,2709
117,Budget Shopper,113,Fruits,36,31,1116
362,Regular Shopper,199,Beverages,90,15,1350
342,Budget Shopper,171,Vegetables,288,4,1152
469,Budget Shopper,161,Dairy,344,40,13760
27,Regular Shopper,134,Beverages,813,9,7317
313,Budget Shopper,118,Snacks,324,45,14580
287,Regular Shopper,129,Fruits,470,9,4230
134,Budget Shopper,177,Beverages,26,26,676
219,Regular Shopper,183,Beverages,333,4,1332
168,Regular Shopper,124,Vegetables,836,17,14212
98,Regular Shopper,139,Beverages,122,16,1952
268,Premium Shopper,187,Vegetables,840,15,12600
237,Budget Shopper,113,Fruits,212,35,7420
309,Premium Shopper,125,Fruits,772,5,3860
455,Budget Shopper,186,Snacks,593,5,2965
394,Budget Shopper,121,Vegetables,548,20,10960
173,Budget Shopper,147,Vegetables,190,15,2850
401,Premium Shopper,182,Dairy,556,18,10008
410,Budget Shopper,150,Dairy,270,47,12690
469,Premium Shopper,102,Snacks,784,2,1568
476,Regular Shopper,141,Fruits,406,29,11774
190,Budget Shopper,118,Dairy,226,13,2938
122,Budget Shopper,172,Beverages,560,4,2240
46,Regular Shopper,127,Fruits,648,42,27216
64,Regular Shopper,183,Beverages,435,45,19575
130,Budget Shopper,144,Vegetables,813,10,8130
310,Regular Shopper,170,Fruits,399,31,12369
363,Premium Shopper,177,Snacks,163,41,6683
193,Premium Shopper,162,Vegetables,44,8,352
307,Budget Shopper,172,Vegetables,841,3,2523
181,Premium Shopper,118,Beverages,687,48,32976
292,Premium Shopper,146,Vegetables,92,46,4232
371,Budget Shopper,113,Dairy,651,9,5859
282,Regular Shopper,137,Fruits,843,30,25290
29,Budget Shopper,152,Dairy,852,11,9372
149,Premium Shopper,160,Beverages,112,35,3920
267,Budget Shopper,135,Beverages,524,37,19388
296,Budget Shopper,139,Fruits,617,42,25914
11,Premium Shopper,180,Vegetables,355,13,4615
164,Premium Shopper,129,Snacks,444,36,15984
113,Budget Shopper,108,Beverages,518,13,6734
187,Premium Shopper,163,Fruits,383,12,4596
295,Premium Shopper,132,Snacks,966,37,35742
232,Premium Shopper,151,Vegetables,649,10,6490
227,Premium Shopper,188,Beverages,764,9,6876
310,Premium Shopper,113,Fruits,218,7,1526
98,Premium Shopper,174,Fruits,737,2,1474
55,Regular Shopper,152,Fruits,432,23,9936
111,Budget Shopper,198,Beverages,358,39,13962
152,Premium Shopper,158,Snacks,678,40,27120
246,Budget Shopper,177,Fruits,981,39,38259
406,Regular Shopper,193,Vegetables,956,21,20076
69,Premium Shopper,140,Fruits,448,23,10304
312,Budget Shopper,167,Snacks,802,29,23258
289,Premium Shopper,167,Beverages,918,14,12852
250,Premium Shopper,191,Fruits,158,26,4108
36,Premium Shopper,107,Fruits,712,5,3560
239,Premium Shopper,101,Vegetables,961,31,29791
148,Premium Shopper,185,Vegetables,561,25,14025
467,Premium Shopper,140,Fruits,76,31,2356
227,Premium Shopper,154,Fruits,251,20,5020
244,Regular Shopper,115,Vegetables,677,44,29788
491,Regular Shopper,192,Snacks,454,17,7718
337,Premium Shopper,161,Dairy,403,45,18135
446,Premium Shopper,147,Dairy,579,2,1158
365,Regular Shopper,129,Fruits,213,25,5325
491,Regular Shopper,111,Vegetables,755,13,9815
482,Regular Shopper,134,Beverages,667,39,26013
201,Premium Shopper,110,Beverages,553,28,15484
154,Budget Shopper,163,Dairy,537,42,22554
450,Budget Shopper,149,Snacks,735,6,4410
73,Budget Shopper,184,Dairy,770,3,2310
201,Budget Shopper,120,Fruits,204,35,7140
296,Premium Shopper,168,Snacks,891,18,16038
17,Budget Shopper,147,Beverages,311,11,3421
129,Regular Shopper,119,Vegetables,354,20,7080
217,Regular Shopper,166,Vegetables,751,5,3755
61,Budget Shopper,143,Fruits,135,19,2565
427,Regular Shopper,132,Dairy,844,22,18568
104,Premium Shopper,172,Fruits,68,19,1292
42,Budget Shopper,160,Vegetables,704,47,33088
25,Budget Shopper,108,Beverages,101,16,1616
39,Premium Shopper,167,Vegetables,853,24,20472
291,Regular Shopper,134,Snacks,352,41,14432
131,Premium Shopper,180,Vegetables,576,4,2304
498,Premium Shopper,197,Vegetables,354,15,5310
229,Regular Shopper,187,Snacks,551,25,13775
108,Premium Shopper,195,Dairy,979,44,43076
172,Regular Shopper,164,Vegetables,240,35,8400
435,Regular Shopper,107,Fruits,654,14,9156
478,Premium Shopper,144,Vegetables,765,49,37485
102,Regular Shopper,186,Fruits,752,19,14288
354,Premium Shopper,146,Snacks,342,38,12996
12,Regular Shopper,139,Vegetables,870,36,31320
275,Budget Shopper,175,Snacks,22,7,154
101,Regular Shopper,153,Snacks,713,30,21390
44,Regular Shopper,175,Dairy,225,19,4275
443,Premium Shopper,145,Vegetables,851,49,41699
305,Regular Shopper,146,Fruits,59,25,1475
445,Budget Shopper,114,Fruits,78,16,1248
17,Budget Shopper,118,Vegetables,970,47,45590
330,Regular Shopper,125,Dairy,593,40,23720
57,Regular Shopper,151,Dairy,663,8,5304
311,Budget Shopper,192,Dairy,526,18,9468
497,Premium Shopper,121,Fruits,591,28,16548
303,Budget Shopper,120,Snacks,903,16,14448
12,Budget Shopper,150,Dairy,862,19,16378
318,Regular Shopper,137,Fruits,141,42,5922
80,Regular Shopper,119,Fruits,498,17,8466
216,Budget Shopper,128,Snacks,638,45,28710
339,Premium Shopper,150,Vegetables,115,13,1495
264,Budget Shopper,103,Vegetables,878,7,6146
479,Budget Shopper,154,Dairy,433,27,11691
149,Premium Shopper,170,Dairy,254,10,2540
81,Budget Shopper,191,Snacks,917,34,31178
215,Budget Shopper,127,Dairy,81,36,2916
485,Regular Shopper,103,Snacks,275,25,6875
374,Premium Shopper,121,Fruits,580,6,3480
464,Regular Shopper,175,Dairy,924,24,22176
198,Regular Shopper,144,Fruits,367,18,6606
200,Premium Shopper,166,Beverages,690,23,15870
25,Premium Shopper,185,Snacks,143,6,858
466,Budget Shopper,165,Beverages,501,29,14529
89,Regular Shopper,187,Dairy,336,25,8400
268,Premium Shopper,133,Fruits,523,17,8891
143,Regular Shopper,190,Dairy,738,46,33948
59,Regular Shopper,154,Beverages,67,24,1608
410,Premium Shopper,100,Dairy,428,11,4708
489,Budget Shopper,171,Vegetables,951,26,24726
365,Regular Shopper,186,Beverages,155,34,5270
26,Premium Shopper,137,Dairy,220,28,6160
47,Budget Shopper,105,Fruits,269,3,807
288,Regular Shopper,185,Dairy,333,11,3663
266,Premium Shopper,124,Fruits,888,38,33744
16,Regular Shopper,181,Vegetables,387,14,5418
199,Premium Shopper,116,Dairy,448,26,11648
401,Premium Shopper,160,Vegetables,849,48,40752
407,Regular Shopper,111,Beverages,826,21,17346
282,Regular Shopper,105,Fruits,499,39,19461
469,Premium Shopper,189,Beverages,333,30,9990
86,Budget Shopper,126,Fruits,519,8,4152
250,Regular Shopper,107,Vegetables,740,20,14800
391,Premium Shopper,182,Snacks,374,48,17952
270,Premium Shopper,164,Dairy,504,32,16128
335,Budget Shopper,156,Vegetables,230,22,5060
117,Budget Shopper,192,Fruits,723,7,5061
7,Budget Shopper,198,Fruits,63,9,567
137,Regular Shopper,139,Fruits,560,45,25200
371,Premium Shopper,113,Fruits,590,1,590
176,Premium Shopper,134,Dairy,602,29,17458
328,Premium Shopper,147,Beverages,111,8,888
498,Budget Shopper,183,Snacks,284,4,1136
315,Premium Shopper,155,Dairy,914,35,31990
215,Regular Shopper,148,Fruits,239,3,717
477,Budget Shopper,112,Dairy,921,45,41445
82,Budget Shopper,160,Vegetables,944,40,37760
223,Budget Shopper,148,Fruits,461,7,3227
478,Budget Shopper,145,Snacks,420,27,11340
372,Regular Shopper,161,Fruits,419,1,419
423,Premium Shopper,107,Snacks,746,27,20142
483,Regular Shopper,142,Snacks,918,16,14688
402,Premium Shopper,119,Beverages,808,38,30704
443,Regular Shopper,196,Beverages,595,7,4165
490,Budget Shopper,189,Dairy,877,44,38588
103,Budget Shopper,138,Dairy,823,23,18929
273,Regular Shopper,184,Snacks,509,41,20869
14,Regular Shopper,148,Fruits,504,11,5544
